aoi_id,aoi_name,target_id,member_slots,theme_summary,method,candidate_lat,candidate_lon,source_1_name,source_1_url,source_1_identifier,source_2_name,source_2_url,source_2_identifier,inside_aoi,landcover_check,geometry_notes,sar_recommended_months,sar_monsoon_flag,sar_rationale,status,reviewer,review_notes,ambiguity_notes
AOI-001,Srinagar,GWT-01,25,,Coordinate list,34.09841,74.82115,coordinates_338 krish sample,,GWT-01,,,,,,,,,,,,,
AOI-001,Srinagar,GWT-02,25,,Coordinate list,34.1132,74.8291,coordinates_338 krish sample,,GWT-02,,,,,,,,,,,,,
AOI-001,Srinagar,GWT-03,25,,Coordinate list,34.1012,74.8415,coordinates_338 krish sample,,GWT-03,,,,,,,,,,,,,
AOI-001,Srinagar,GWT-04,25,,Coordinate list,34.0674,74.7712,coordinates_338 krish sample,,GWT-04,,,,,,,,,,,,,
AOI-001,Srinagar,GWT-05,25,,Coordinate list,34.1481,74.8694,coordinates_338 krish sample,,GWT-05,,,,,,,,,,,,,
AOI-001,Srinagar,GWT-06,25,,Coordinate list,34.0152,74.7831,coordinates_338 krish sample,,GWT-06,,,,,,,,,,,,,
AOI-001,Srinagar,GWT-07,25,,Coordinate list,34.1221,74.8812,coordinates_338 krish sample,,GWT-07,,,,,,,,,,,,,
AOI-001,Srinagar,GWT-08,25,,Coordinate list,34.1712,74.9125,coordinates_338 krish sample,,GWT-08,,,,,,,,,,,,,
AOI-001,Srinagar,GWT-09,25,,Coordinate list,34.1214,74.7991,coordinates_338 krish sample,,GWT-09,,,,,,,,,,,,,
AOI-001,Srinagar,GWT-10,25,,Coordinate list,34.1311,74.8115,coordinates_338 krish sample,,GWT-10,,,,,,,,,,,,,
AOI-001,Srinagar,GWT-11,25,,Coordinate list,34.0921,74.8074,coordinates_338 krish sample,,GWT-11,,,,,,,,,,,,,
AOI-001,Srinagar,GWT-12,25,,Coordinate list,34.0628,74.8391,coordinates_338 krish sample,,GWT-12,,,,,,,,,,,,,
AOI-001,Srinagar,GWT-13,25,,Coordinate list,34.1612,74.8325,coordinates_338 krish sample,,GWT-13,,,,,,,,,,,,,
AOI-001,Srinagar,GWT-14,25,,Coordinate list,34.0125,74.9214,coordinates_338 krish sample,,GWT-14,,,,,,,,,,,,,
AOI-001,Srinagar,GWT-15,25,,Coordinate list,34.1015,74.7212,coordinates_338 krish sample,,GWT-15,,,,,,,,,,,,,
AOI-001,Srinagar,GWT-16,25,,Coordinate list,34.0241,74.8612,coordinates_338 krish sample,,GWT-16,,,,,,,,,,,,,
AOI-001,Srinagar,GWT-17,25,,Coordinate list,34.1921,74.9452,coordinates_338 krish sample,,GWT-17,,,,,,,,,,,,,
AOI-001,Srinagar,GWT-18,25,,Coordinate list,34.0792,74.8451,coordinates_338 krish sample,,GWT-18,,,,,,,,,,,,,
AOI-001,Srinagar,GWT-19,25,,Coordinate list,33.9981,74.8021,coordinates_338 krish sample,,GWT-19,,,,,,,,,,,,,
AOI-001,Srinagar,GWT-20,25,,Coordinate list,34.1542,74.8511,coordinates_338 krish sample,,GWT-20,,,,,,,,,,,,,
AOI-001,Srinagar,GWT-21,25,,Coordinate list,34.0725,74.8112,coordinates_338 krish sample,,GWT-21,,,,,,,,,,,,,
AOI-001,Srinagar,GWT-22,25,,Coordinate list,34.1245,74.8712,coordinates_338 krish sample,,GWT-22,,,,,,,,,,,,,
AOI-001,Srinagar,GWT-23,25,,Coordinate list,34.1245,74.8712,coordinates_338 krish sample,,GWT-23,,,,,,,,,,,,,
AOI-001,Srinagar,GWT-24,25,,Coordinate list,34.0391,74.8284,coordinates_338 krish sample,,GWT-24,,,,,,,,,,,,,
AOI-001,Srinagar,GWT-25,25,,Coordinate list,34.0391,74.8284,coordinates_338 krish sample,,GWT-25,,,,,,,,,,,,,
AOI-002,Dharamshala,GWT-01,25,,Coordinate list,32.24258,76.32185,coordinates_338 krish sample,,GWT-01,,,,,,,,,,,,,
AOI-002,Dharamshala,GWT-02,25,,Coordinate list,32.2471,76.3452,coordinates_338 krish sample,,GWT-02,,,,,,,,,,,,,
AOI-002,Dharamshala,GWT-03,25,,Coordinate list,32.2151,76.3324,coordinates_338 krish sample,,GWT-03,,,,,,,,,,,,,
AOI-002,Dharamshala,GWT-04,25,,Coordinate list,32.2592,76.3281,coordinates_338 krish sample,,GWT-04,,,,,,,,,,,,,
AOI-002,Dharamshala,GWT-05,25,,Coordinate list,32.2464,76.3331,coordinates_338 krish sample,,GWT-05,,,,,,,,,,,,,
AOI-002,Dharamshala,GWT-06,25,,Coordinate list,32.2024,76.3512,coordinates_338 krish sample,,GWT-06,,,,,,,,,,,,,
AOI-002,Dharamshala,GWT-07,25,,Coordinate list,32.2284,76.3092,coordinates_338 krish sample,,GWT-07,,,,,,,,,,,,,
AOI-002,Dharamshala,GWT-08,25,,Coordinate list,32.1962,76.3421,coordinates_338 krish sample,,GWT-08,,,,,,,,,,,,,
AOI-002,Dharamshala,GWT-09,25,,Coordinate list,32.2381,76.3115,coordinates_338 krish sample,,GWT-09,,,,,,,,,,,,,
AOI-002,Dharamshala,GWT-10,25,,Coordinate list,32.2514,76.3045,coordinates_338 krish sample,,GWT-10,,,,,,,,,,,,,
AOI-002,Dharamshala,GWT-11,25,,Coordinate list,32.2091,76.3012,coordinates_338 krish sample,,GWT-11,,,,,,,,,,,,,
AOI-002,Dharamshala,GWT-12,25,,Coordinate list,32.2215,76.3242,coordinates_338 krish sample,,GWT-12,,,,,,,,,,,,,
AOI-002,Dharamshala,GWT-13,25,,Coordinate list,32.1712,76.2915,coordinates_338 krish sample,,GWT-13,,,,,,,,,,,,,
AOI-002,Dharamshala,GWT-14,25,,Coordinate list,32.1894,76.3645,coordinates_338 krish sample,,GWT-14,,,,,,,,,,,,,
AOI-002,Dharamshala,GWT-15,25,,Coordinate list,32.2742,76.3551,coordinates_338 krish sample,,GWT-15,,,,,,,,,,,,,
AOI-002,Dharamshala,GWT-16,25,,Coordinate list,32.2045,76.3382,coordinates_338 krish sample,,GWT-16,,,,,,,,,,,,,
AOI-002,Dharamshala,GWT-17,25,,Coordinate list,32.2081,76.3481,coordinates_338 krish sample,,GWT-17,,,,,,,,,,,,,
AOI-002,Dharamshala,GWT-18,25,,Coordinate list,32.2142,76.3712,coordinates_338 krish sample,,GWT-18,,,,,,,,,,,,,
AOI-002,Dharamshala,GWT-19,25,,Coordinate list,32.2482,76.3245,coordinates_338 krish sample,,GWT-19,,,,,,,,,,,,,
AOI-002,Dharamshala,GWT-20,25,,Coordinate list,32.1725,76.3684,coordinates_338 krish sample,,GWT-20,,,,,,,,,,,,,
AOI-002,Dharamshala,GWT-21,25,,Coordinate list,32.2291,76.3394,coordinates_338 krish sample,,GWT-21,,,,,,,,,,,,,
AOI-002,Dharamshala,GWT-22,25,,Coordinate list,32.1812,76.3291,coordinates_338 krish sample,,GWT-22,,,,,,,,,,,,,
AOI-002,Dharamshala,GWT-23,25,,Coordinate list,32.1812,76.3291,coordinates_338 krish sample,,GWT-23,,,,,,,,,,,,,
AOI-002,Dharamshala,GWT-24,25,,Coordinate list,32.2114,76.3282,coordinates_338 krish sample,,GWT-24,,,,,,,,,,,,,
AOI-002,Dharamshala,GWT-25,25,,Coordinate list,32.2114,76.3282,coordinates_338 krish sample,,GWT-25,,,,,,,,,,,,,
AOI-003,Munsiyari,GWT-01,24,,Coordinate list,30.06742,80.23755,coordinates_338 krish sample,,GWT-01,,,,,,,,,,,,,
AOI-003,Munsiyari,GWT-02,24,,Coordinate list,29.9721,80.3842,coordinates_338 krish sample,,GWT-02,,,,,,,,,,,,,
AOI-003,Munsiyari,GWT-03,24,,Coordinate list,30.0841,80.2192,coordinates_338 krish sample,,GWT-03,,,,,,,,,,,,,
AOI-003,Munsiyari,GWT-04,24,,Coordinate list,30.1584,80.2541,coordinates_338 krish sample,,GWT-04,,,,,,,,,,,,,
AOI-003,Munsiyari,GWT-05,24,,Coordinate list,30.0768,80.2441,coordinates_338 krish sample,,GWT-05,,,,,,,,,,,,,
AOI-003,Munsiyari,GWT-06,24,,Coordinate list,30.0124,80.1982,coordinates_338 krish sample,,GWT-06,,,,,,,,,,,,,
AOI-003,Munsiyari,GWT-08,24,,Coordinate list,30.0412,80.3124,coordinates_338 krish sample,,GWT-08,,,,,,,,,,,,,
AOI-003,Munsiyari,GWT-09,24,,Coordinate list,30.1842,80.2915,coordinates_338 krish sample,,GWT-09,,,,,,,,,,,,,
AOI-003,Munsiyari,GWT-10,24,,Coordinate list,30.0491,80.2242,coordinates_338 krish sample,,GWT-10,,,,,,,,,,,,,
AOI-003,Munsiyari,GWT-11,24,,Coordinate list,29.8941,80.3712,coordinates_338 krish sample,,GWT-11,,,,,,,,,,,,,
AOI-003,Munsiyari,GWT-12,24,,Coordinate list,30.0381,80.2591,coordinates_338 krish sample,,GWT-12,,,,,,,,,,,,,
AOI-003,Munsiyari,GWT-13,24,,Coordinate list,30.0614,80.2391,coordinates_338 krish sample,,GWT-13,,,,,,,,,,,,,
AOI-003,Munsiyari,GWT-14,24,,Coordinate list,30.0215,80.2112,coordinates_338 krish sample,,GWT-14,,,,,,,,,,,,,
AOI-003,Munsiyari,GWT-15,24,,Coordinate list,30.0245,80.2014,coordinates_338 krish sample,,GWT-15,,,,,,,,,,,,,
AOI-003,Munsiyari,GWT-16,24,,Coordinate list,30.2291,80.2812,coordinates_338 krish sample,,GWT-16,,,,,,,,,,,,,
AOI-003,Munsiyari,GWT-17,24,,Coordinate list,30.1394,80.2315,coordinates_338 krish sample,,GWT-17,,,,,,,,,,,,,
AOI-003,Munsiyari,GWT-18,24,,Coordinate list,30.1114,80.3212,coordinates_338 krish sample,,GWT-18,,,,,,,,,,,,,
AOI-003,Munsiyari,GWT-19,24,,Coordinate list,30.0421,80.2781,coordinates_338 krish sample,,GWT-19,,,,,,,,,,,,,
AOI-003,Munsiyari,GWT-20,24,,Coordinate list,29.9341,80.1294,coordinates_338 krish sample,,GWT-20,,,,,,,,,,,,,
AOI-003,Munsiyari,GWT-21,24,,Coordinate list,30.0024,80.1415,coordinates_338 krish sample,,GWT-21,,,,,,,,,,,,,
AOI-003,Munsiyari,GWT-22,24,,Coordinate list,29.9092,80.3812,coordinates_338 krish sample,,GWT-22,,,,,,,,,,,,,
AOI-003,Munsiyari,GWT-23,24,,Coordinate list,29.9092,80.3812,coordinates_338 krish sample,,GWT-23,,,,,,,,,,,,,
AOI-003,Munsiyari,GWT-24,24,,Coordinate list,30.0521,80.2641,coordinates_338 krish sample,,GWT-24,,,,,,,,,,,,,
AOI-003,Munsiyari,GWT-25,24,,Coordinate list,30.0521,80.2641,coordinates_338 krish sample,,GWT-25,,,,,,,,,,,,,
AOI-004,Dehradun,GWT-01,24,,Coordinate list,30.32415,78.04122,coordinates_338 krish sample,,GWT-01,,,,,,,,,,,,,
AOI-004,Dehradun,GWT-02,24,,Coordinate list,30.2214,78.1152,coordinates_338 krish sample,,GWT-02,,,,,,,,,,,,,
AOI-004,Dehradun,GWT-03,24,,Coordinate list,30.3842,78.0911,coordinates_338 krish sample,,GWT-03,,,,,,,,,,,,,
AOI-004,Dehradun,GWT-04,24,,Coordinate list,30.2941,78.0624,coordinates_338 krish sample,,GWT-04,,,,,,,,,,,,,
AOI-004,Dehradun,GWT-05,24,,Coordinate list,30.2514,77.9942,coordinates_338 krish sample,,GWT-05,,,,,,,,,,,,,
AOI-004,Dehradun,GWT-06,24,,Coordinate list,30.3421,77.9991,coordinates_338 krish sample,,GWT-06,,,,,,,,,,,,,
AOI-004,Dehradun,GWT-07,24,,Coordinate list,30.2012,77.9415,coordinates_338 krish sample,,GWT-07,,,,,,,,,,,,,
AOI-004,Dehradun,GWT-08,24,,Coordinate list,30.3292,77.9451,coordinates_338 krish sample,,GWT-08,,,,,,,,,,,,,
AOI-004,Dehradun,GWT-09,24,,Coordinate list,30.3614,78.1325,coordinates_338 krish sample,,GWT-09,,,,,,,,,,,,,
AOI-004,Dehradun,GWT-10,24,,Coordinate list,30.3541,77.9281,coordinates_338 krish sample,,GWT-10,,,,,,,,,,,,,
AOI-004,Dehradun,GWT-11,24,,Coordinate list,30.3912,77.8142,coordinates_338 krish sample,,GWT-11,,,,,,,,,,,,,
AOI-004,Dehradun,GWT-12,24,,Coordinate list,30.3645,77.8591,coordinates_338 krish sample,,GWT-12,,,,,,,,,,,,,
AOI-004,Dehradun,GWT-13,24,,Coordinate list,30.3684,78.0715,coordinates_338 krish sample,,GWT-13,,,,,,,,,,,,,
AOI-004,Dehradun,GWT-14,24,,Coordinate list,30.2411,77.9825,coordinates_338 krish sample,,GWT-14,,,,,,,,,,,,,
AOI-004,Dehradun,GWT-15,24,,Coordinate list,30.3472,78.0284,coordinates_338 krish sample,,GWT-15,,,,,,,,,,,,,
AOI-004,Dehradun,GWT-16,24,,Coordinate list,30.1791,78.1214,coordinates_338 krish sample,,GWT-16,,,,,,,,,,,,,
AOI-004,Dehradun,GWT-17,24,,Coordinate list,30.3115,78.0921,coordinates_338 krish sample,,GWT-17,,,,,,,,,,,,,
AOI-004,Dehradun,GWT-18,24,,Coordinate list,30.2181,78.0491,coordinates_338 krish sample,,GWT-18,,,,,,,,,,,,,
AOI-004,Dehradun,GWT-19,24,,Coordinate list,30.3494,78.0192,coordinates_338 krish sample,,GWT-19,,,,,,,,,,,,,
AOI-004,Dehradun,GWT-20,24,,Coordinate list,30.3921,78.0845,coordinates_338 krish sample,,GWT-20,,,,,,,,,,,,,
AOI-004,Dehradun,GWT-21,24,,Coordinate list,30.4312,77.8491,coordinates_338 krish sample,,GWT-21,,,,,,,,,,,,,
AOI-004,Dehradun,GWT-22,24,,Coordinate list,30.3345,77.9621,coordinates_338 krish sample,,GWT-22,,,,,,,,,,,,,
AOI-004,Dehradun,GWT-23,24,,Coordinate list,30.3345,77.9621,coordinates_338 krish sample,,GWT-23,,,,,,,,,,,,,
AOI-004,Dehradun,GWT-24,24,,Coordinate list,30.3812,77.7424,coordinates_338 krish sample,,GWT-24,,,,,,,,,,,,,
AOI-005,Delhi NCR,GWT-01,25,,Coordinate list,28.65582,77.22851,coordinates_338 krish sample,,GWT-01,,,,,,,,,,,,,
AOI-005,Delhi NCR,GWT-02,25,,Coordinate list,28.7341,77.0852,coordinates_338 krish sample,,GWT-02,,,,,,,,,,,,,
AOI-005,Delhi NCR,GWT-03,25,,Coordinate list,28.7214,77.2612,coordinates_338 krish sample,,GWT-03,,,,,,,,,,,,,
AOI-005,Delhi NCR,GWT-04,25,,Coordinate list,28.6624,77.2741,coordinates_338 krish sample,,GWT-04,,,,,,,,,,,,,
AOI-005,Delhi NCR,GWT-05,25,,Coordinate list,28.6012,76.9452,coordinates_338 krish sample,,GWT-05,,,,,,,,,,,,,
AOI-005,Delhi NCR,GWT-06,25,,Coordinate list,28.7184,77.0091,coordinates_338 krish sample,,GWT-06,,,,,,,,,,,,,
AOI-005,Delhi NCR,GWT-07,25,,Coordinate list,28.4941,77.2512,coordinates_338 krish sample,,GWT-07,,,,,,,,,,,,,
AOI-005,Delhi NCR,GWT-08,25,,Coordinate list,28.5312,77.2842,coordinates_338 krish sample,,GWT-08,,,,,,,,,,,,,
AOI-005,Delhi NCR,GWT-09,25,,Coordinate list,28.7112,77.1425,coordinates_338 krish sample,,GWT-09,,,,,,,,,,,,,
AOI-005,Delhi NCR,GWT-10,25,,Coordinate list,28.5741,76.8915,coordinates_338 krish sample,,GWT-10,,,,,,,,,,,,,
AOI-005,Delhi NCR,GWT-11,25,,Coordinate list,28.6491,77.1912,coordinates_338 krish sample,,GWT-11,,,,,,,,,,,,,
AOI-005,Delhi NCR,GWT-12,25,,Coordinate list,28.6514,77.2341,coordinates_338 krish sample,,GWT-12,,,,,,,,,,,,,
AOI-005,Delhi NCR,GWT-13,25,,Coordinate list,28.5645,77.3112,coordinates_338 krish sample,,GWT-13,,,,,,,,,,,,,
AOI-005,Delhi NCR,GWT-14,25,,Coordinate list,28.8114,77.0491,coordinates_338 krish sample,,GWT-14,,,,,,,,,,,,,
AOI-005,Delhi NCR,GWT-15,25,,Coordinate list,28.5991,77.1712,coordinates_338 krish sample,,GWT-15,,,,,,,,,,,,,
AOI-005,Delhi NCR,GWT-16,25,,Coordinate list,28.8482,77.0981,coordinates_338 krish sample,,GWT-16,,,,,,,,,,,,,
AOI-005,Delhi NCR,GWT-17,25,,Coordinate list,28.7712,77.1142,coordinates_338 krish sample,,GWT-17,,,,,,,,,,,,,
AOI-005,Delhi NCR,GWT-18,25,,Coordinate list,28.6081,76.9192,coordinates_338 krish sample,,GWT-18,,,,,,,,,,,,,
AOI-005,Delhi NCR,GWT-19,25,,Coordinate list,28.8394,77.2115,coordinates_338 krish sample,,GWT-19,,,,,,,,,,,,,
AOI-005,Delhi NCR,GWT-20,25,,Coordinate list,28.7492,77.2282,coordinates_338 krish sample,,GWT-20,,,,,,,,,,,,,
AOI-005,Delhi NCR,GWT-21,25,,Coordinate list,28.6621,77.1814,coordinates_338 krish sample,,GWT-21,,,,,,,,,,,,,
AOI-005,Delhi NCR,GWT-22,25,,Coordinate list,28.7391,77.2452,coordinates_338 krish sample,,GWT-22,,,,,,,,,,,,,
AOI-005,Delhi NCR,GWT-23,25,,Coordinate list,28.7391,77.2452,coordinates_338 krish sample,,GWT-23,,,,,,,,,,,,,
AOI-005,Delhi NCR,GWT-24,25,,Coordinate list,28.5114,77.2682,coordinates_338 krish sample,,GWT-24,,,,,,,,,,,,,
AOI-005,Delhi NCR,GWT-25,25,,Coordinate list,28.5114,77.2682,coordinates_338 krish sample,,GWT-25,,,,,,,,,,,,,
AOI-006,Lucknow,GWT-01,25,,Coordinate list,26.85042,80.94415,coordinates_338 krish sample,,GWT-01,,,,,,,,,,,,,
AOI-006,Lucknow,GWT-02,25,,Coordinate list,26.8532,80.9691,coordinates_338 krish sample,,GWT-02,,,,,,,,,,,,,
AOI-006,Lucknow,GWT-03,25,,Coordinate list,26.7112,80.9852,coordinates_338 krish sample,,GWT-03,,,,,,,,,,,,,
AOI-006,Lucknow,GWT-04,25,,Coordinate list,26.9015,80.7412,coordinates_338 krish sample,,GWT-04,,,,,,,,,,,,,
AOI-006,Lucknow,GWT-05,25,,Coordinate list,26.8741,80.7831,coordinates_338 krish sample,,GWT-05,,,,,,,,,,,,,
AOI-006,Lucknow,GWT-06,25,,Coordinate list,26.7824,81.0115,coordinates_338 krish sample,,GWT-06,,,,,,,,,,,,,
AOI-006,Lucknow,GWT-07,25,,Coordinate list,26.8241,80.9152,coordinates_338 krish sample,,GWT-07,,,,,,,,,,,,,
AOI-006,Lucknow,GWT-08,25,,Coordinate list,26.8912,81.0451,coordinates_338 krish sample,,GWT-08,,,,,,,,,,,,,
AOI-006,Lucknow,GWT-09,25,,Coordinate list,26.9741,80.9242,coordinates_338 krish sample,,GWT-09,,,,,,,,,,,,,
AOI-006,Lucknow,GWT-10,25,,Coordinate list,26.8325,81.0012,coordinates_338 krish sample,,GWT-10,,,,,,,,,,,,,
AOI-006,Lucknow,GWT-11,25,,Coordinate list,26.7614,81.0921,coordinates_338 krish sample,,GWT-11,,,,,,,,,,,,,
AOI-006,Lucknow,GWT-12,25,,Coordinate list,26.8645,80.8114,coordinates_338 krish sample,,GWT-12,,,,,,,,,,,,,
AOI-006,Lucknow,GWT-13,25,,Coordinate list,26.8684,80.9025,coordinates_338 krish sample,,GWT-13,,,,,,,,,,,,,
AOI-006,Lucknow,GWT-14,25,,Coordinate list,26.9114,80.9591,coordinates_338 krish sample,,GWT-14,,,,,,,,,,,,,
AOI-006,Lucknow,GWT-15,25,,Coordinate list,27.0612,80.9142,coordinates_338 krish sample,,GWT-15,,,,,,,,,,,,,
AOI-006,Lucknow,GWT-16,25,,Coordinate list,26.8842,80.7591,coordinates_338 krish sample,,GWT-16,,,,,,,,,,,,,
AOI-006,Lucknow,GWT-17,25,,Coordinate list,26.6891,81.0042,coordinates_338 krish sample,,GWT-17,,,,,,,,,,,,,
AOI-006,Lucknow,GWT-18,25,,Coordinate list,26.7645,81.0491,coordinates_338 krish sample,,GWT-18,,,,,,,,,,,,,
AOI-006,Lucknow,GWT-19,25,,Coordinate list,26.7792,80.9981,coordinates_338 krish sample,,GWT-19,,,,,,,,,,,,,
AOI-006,Lucknow,GWT-20,25,,Coordinate list,26.5812,80.9945,coordinates_338 krish sample,,GWT-20,,,,,,,,,,,,,
AOI-006,Lucknow,GWT-21,25,,Coordinate list,26.9042,80.9892,coordinates_338 krish sample,,GWT-21,,,,,,,,,,,,,
AOI-006,Lucknow,GWT-22,25,,Coordinate list,26.8391,80.9624,coordinates_338 krish sample,,GWT-22,,,,,,,,,,,,,
AOI-006,Lucknow,GWT-23,25,,Coordinate list,26.8391,80.9624,coordinates_338 krish sample,,GWT-23,,,,,,,,,,,,,
AOI-006,Lucknow,GWT-24,25,,Coordinate list,26.6981,80.9712,coordinates_338 krish sample,,GWT-24,,,,,,,,,,,,,
AOI-006,Lucknow,GWT-25,25,,Coordinate list,26.6981,80.9712,coordinates_338 krish sample,,GWT-25,,,,,,,,,,,,,
AOI-007,Varanasi,GWT-01,24,,Coordinate list,25.31052,83.01055,coordinates_338 krish sample,,GWT-01,,,,,,,,,,,,,
AOI-007,Varanasi,GWT-02,24,,Coordinate list,25.3068,83.0102,coordinates_338 krish sample,,GWT-02,,,,,,,,,,,,,
AOI-007,Varanasi,GWT-03,24,,Coordinate list,25.3005,83.0255,coordinates_338 krish sample,,GWT-03,,,,,,,,,,,,,
AOI-007,Varanasi,GWT-04,24,,Coordinate list,25.385,82.952,coordinates_338 krish sample,,GWT-04,,,,,,,,,,,,,
AOI-007,Varanasi,GWT-05,24,,Coordinate list,25.392,83.065,coordinates_338 krish sample,,GWT-05,,,,,,,,,,,,,
AOI-007,Varanasi,GWT-06,24,,Coordinate list,25.2675,83.032,coordinates_338 krish sample,,GWT-06,,,,,,,,,,,,,
AOI-007,Varanasi,GWT-07,24,,Coordinate list,25.275,83.055,coordinates_338 krish sample,,GWT-07,,,,,,,,,,,,,
AOI-007,Varanasi,GWT-08,24,,Coordinate list,25.285,82.945,coordinates_338 krish sample,,GWT-08,,,,,,,,,,,,,
AOI-007,Varanasi,GWT-09,24,,Coordinate list,25.2875,83.009,coordinates_338 krish sample,,GWT-09,,,,,,,,,,,,,
AOI-007,Varanasi,GWT-10,24,,Coordinate list,25.441,82.865,coordinates_338 krish sample,,GWT-10,,,,,,,,,,,,,
AOI-007,Varanasi,GWT-11,24,,Coordinate list,25.312,83.013,coordinates_338 krish sample,,GWT-11,,,,,,,,,,,,,
AOI-007,Varanasi,GWT-12,24,,Coordinate list,25.3275,83.0315,coordinates_338 krish sample,,GWT-12,,,,,,,,,,,,,
AOI-007,Varanasi,GWT-13,24,,Coordinate list,25.342,83.048,coordinates_338 krish sample,,GWT-13,,,,,,,,,,,,,
AOI-007,Varanasi,GWT-14,24,,Coordinate list,25.251,83.024,coordinates_338 krish sample,,GWT-14,,,,,,,,,,,,,
AOI-007,Varanasi,GWT-15,24,,Coordinate list,25.372,83.018,coordinates_338 krish sample,,GWT-15,,,,,,,,,,,,,
AOI-007,Varanasi,GWT-16,24,,Coordinate list,25.298,82.964,coordinates_338 krish sample,,GWT-16,,,,,,,,,,,,,
AOI-007,Varanasi,GWT-17,24,,Coordinate list,25.362,83.045,coordinates_338 krish sample,,GWT-17,,,,,,,,,,,,,
AOI-007,Varanasi,GWT-18,24,,Coordinate list,25.381,83.028,coordinates_338 krish sample,,GWT-18,,,,,,,,,,,,,
AOI-007,Varanasi,GWT-19,24,,Coordinate list,25.282,83.022,coordinates_338 krish sample,,GWT-19,,,,,,,,,,,,,
AOI-007,Varanasi,GWT-20,24,,Coordinate list,25.234,83.015,coordinates_338 krish sample,,GWT-20,,,,,,,,,,,,,
AOI-007,Varanasi,GWT-21,24,,Coordinate list,25.315,83.031,coordinates_338 krish sample,,GWT-21,,,,,,,,,,,,,
AOI-007,Varanasi,GWT-22,24,,Coordinate list,25.304,83.021,coordinates_338 krish sample,,GWT-22,,,,,,,,,,,,,
AOI-007,Varanasi,GWT-23,24,,Coordinate list,25.304,83.021,coordinates_338 krish sample,,GWT-23,,,,,,,,,,,,,
AOI-007,Varanasi,GWT-24,24,,Coordinate list,25.465,82.842,coordinates_338 krish sample,,GWT-24,,,,,,,,,,,,,
AOI-008,Jaisalmer,GWT-01,24,,Coordinate list,26.91625,70.9104,coordinates_338 krish sample,,GWT-01,,,,,,,,,,,,,
AOI-008,Jaisalmer,GWT-02,24,,Coordinate list,26.8315,70.5042,coordinates_338 krish sample,,GWT-02,,,,,,,,,,,,,
AOI-008,Jaisalmer,GWT-03,24,,Coordinate list,26.6184,70.6892,coordinates_338 krish sample,,GWT-03,,,,,,,,,,,,,
AOI-008,Jaisalmer,GWT-04,24,,Coordinate list,26.9412,70.7615,coordinates_338 krish sample,,GWT-04,,,,,,,,,,,,,
AOI-008,Jaisalmer,GWT-05,24,,Coordinate list,27.2845,71.2152,coordinates_338 krish sample,,GWT-05,,,,,,,,,,,,,
AOI-008,Jaisalmer,GWT-06,24,,Coordinate list,26.9821,70.6415,coordinates_338 krish sample,,GWT-06,,,,,,,,,,,,,
AOI-008,Jaisalmer,GWT-07,24,,Coordinate list,26.9642,70.8911,coordinates_338 krish sample,,GWT-07,,,,,,,,,,,,,
AOI-008,Jaisalmer,GWT-08,24,,Coordinate list,26.7491,70.5242,coordinates_338 krish sample,,GWT-08,,,,,,,,,,,,,
AOI-008,Jaisalmer,GWT-09,24,,Coordinate list,27.0214,70.8415,coordinates_338 krish sample,,GWT-09,,,,,,,,,,,,,
AOI-008,Jaisalmer,GWT-10,24,,Coordinate list,26.8614,70.7812,coordinates_338 krish sample,,GWT-10,,,,,,,,,,,,,
AOI-008,Jaisalmer,GWT-11,24,,Coordinate list,26.9128,70.9131,coordinates_338 krish sample,,GWT-11,,,,,,,,,,,,,
AOI-008,Jaisalmer,GWT-12,24,,Coordinate list,26.9451,70.0812,coordinates_338 krish sample,,GWT-12,,,,,,,,,,,,,
AOI-008,Jaisalmer,GWT-13,24,,Coordinate list,26.9614,70.8045,coordinates_338 krish sample,,GWT-13,,,,,,,,,,,,,
AOI-008,Jaisalmer,GWT-14,24,,Coordinate list,27.4241,70.5112,coordinates_338 krish sample,,GWT-14,,,,,,,,,,,,,
AOI-008,Jaisalmer,GWT-15,24,,Coordinate list,27.1812,70.8541,coordinates_338 krish sample,,GWT-15,,,,,,,,,,,,,
AOI-008,Jaisalmer,GWT-16,24,,Coordinate list,26.9891,70.7915,coordinates_338 krish sample,,GWT-16,,,,,,,,,,,,,
AOI-008,Jaisalmer,GWT-17,24,,Coordinate list,26.8215,70.5214,coordinates_338 krish sample,,GWT-17,,,,,,,,,,,,,
AOI-008,Jaisalmer,GWT-18,24,,Coordinate list,27.1214,71.0491,coordinates_338 krish sample,,GWT-18,,,,,,,,,,,,,
AOI-008,Jaisalmer,GWT-19,24,,Coordinate list,26.8114,70.0245,coordinates_338 krish sample,,GWT-19,,,,,,,,,,,,,
AOI-008,Jaisalmer,GWT-20,24,,Coordinate list,27.0212,71.5942,coordinates_338 krish sample,,GWT-20,,,,,,,,,,,,,
AOI-008,Jaisalmer,GWT-21,24,,Coordinate list,27.7412,70.4941,coordinates_338 krish sample,,GWT-21,,,,,,,,,,,,,
AOI-008,Jaisalmer,GWT-22,24,,Coordinate list,27.5214,71.7452,coordinates_338 krish sample,,GWT-22,,,,,,,,,,,,,
AOI-008,Jaisalmer,GWT-23,24,,Coordinate list,27.5214,71.7452,coordinates_338 krish sample,,GWT-23,,,,,,,,,,,,,
AOI-008,Jaisalmer,GWT-24,24,,Coordinate list,26.7114,70.1142,coordinates_338 krish sample,,GWT-24,,,,,,,,,,,,,
AOI-009,Bikaner,GWT-01,23,,Coordinate list,27.98241,73.30852,coordinates_338 krish sample,,GWT-01,,,,,,,,,,,,,
AOI-009,Bikaner,GWT-02,23,,Coordinate list,28.0694,73.3541,coordinates_338 krish sample,,GWT-02,,,,,,,,,,,,,
AOI-009,Bikaner,GWT-03,23,,Coordinate list,27.9341,73.2892,coordinates_338 krish sample,,GWT-03,,,,,,,,,,,,,
AOI-009,Bikaner,GWT-04,23,,Coordinate list,28.4842,73.7415,coordinates_338 krish sample,,GWT-04,,,,,,,,,,,,,
AOI-009,Bikaner,GWT-05,23,,Coordinate list,27.9614,73.5242,coordinates_338 krish sample,,GWT-05,,,,,,,,,,,,,
AOI-009,Bikaner,GWT-06,23,,Coordinate list,27.8415,73.2612,coordinates_338 krish sample,,GWT-06,,,,,,,,,,,,,
AOI-009,Bikaner,GWT-07,23,,Coordinate list,28.0581,73.3645,coordinates_338 krish sample,,GWT-07,,,,,,,,,,,,,
AOI-009,Bikaner,GWT-08,23,,Coordinate list,27.9492,73.0614,coordinates_338 krish sample,,GWT-08,,,,,,,,,,,,,
AOI-009,Bikaner,GWT-09,23,,Coordinate list,28.2415,73.4112,coordinates_338 krish sample,,GWT-09,,,,,,,,,,,,,
AOI-009,Bikaner,GWT-10,23,,Coordinate list,28.1042,74.0015,coordinates_338 krish sample,,GWT-10,,,,,,,,,,,,,
AOI-009,Bikaner,GWT-11,23,,Coordinate list,28.6114,72.8652,coordinates_338 krish sample,,GWT-11,,,,,,,,,,,,,
AOI-009,Bikaner,GWT-12,23,,Coordinate list,28.3241,73.0491,coordinates_338 krish sample,,GWT-12,,,,,,,,,,,,,
AOI-009,Bikaner,GWT-13,23,,Coordinate list,28.01825,73.3114,coordinates_338 krish sample,,GWT-13,,,,,,,,,,,,,
AOI-009,Bikaner,GWT-14,23,,Coordinate list,27.9712,73.2645,coordinates_338 krish sample,,GWT-14,,,,,,,,,,,,,
AOI-009,Bikaner,GWT-15,23,,Coordinate list,27.9291,72.8942,coordinates_338 krish sample,,GWT-15,,,,,,,,,,,,,
AOI-009,Bikaner,GWT-16,23,,Coordinate list,28.5214,72.8145,coordinates_338 krish sample,,GWT-16,,,,,,,,,,,,,
AOI-009,Bikaner,GWT-17,23,,Coordinate list,28.4981,73.7291,coordinates_338 krish sample,,GWT-17,,,,,,,,,,,,,
AOI-009,Bikaner,GWT-18,23,,Coordinate list,27.8114,73.3421,coordinates_338 krish sample,,GWT-18,,,,,,,,,,,,,
AOI-009,Bikaner,GWT-19,23,,Coordinate list,28.0412,73.2991,coordinates_338 krish sample,,GWT-19,,,,,,,,,,,,,
AOI-009,Bikaner,GWT-20,23,,Coordinate list,27.6415,73.4241,coordinates_338 krish sample,,GWT-20,,,,,,,,,,,,,
AOI-009,Bikaner,GWT-21,23,,Coordinate list,28.0491,73.4412,coordinates_338 krish sample,,GWT-21,,,,,,,,,,,,,
AOI-009,Bikaner,GWT-22,23,,Coordinate list,28.6624,73.1741,coordinates_338 krish sample,,GWT-22,,,,,,,,,,,,,
AOI-009,Bikaner,GWT-23,23,,Coordinate list,28.6624,73.1741,coordinates_338 krish sample,,GWT-23,,,,,,,,,,,,,
AOI-010,Ahmedabad,GWT-01,25,,Coordinate list,23.0345,72.5658,coordinates_338 krish sample,,GWT-01,,,,,,,,,,,,,
AOI-010,Ahmedabad,GWT-02,25,,Coordinate list,23.0582,72.5851,coordinates_338 krish sample,,GWT-02,,,,,,,,,,,,,
AOI-010,Ahmedabad,GWT-03,25,,Coordinate list,22.9514,72.5442,coordinates_338 krish sample,,GWT-03,,,,,,,,,,,,,
AOI-010,Ahmedabad,GWT-04,25,,Coordinate list,23.0062,72.6011,coordinates_338 krish sample,,GWT-04,,,,,,,,,,,,,
AOI-010,Ahmedabad,GWT-05,25,,Coordinate list,22.9125,72.4891,coordinates_338 krish sample,,GWT-05,,,,,,,,,,,,,
AOI-010,Ahmedabad,GWT-06,25,,Coordinate list,23.0784,72.6592,coordinates_338 krish sample,,GWT-06,,,,,,,,,,,,,
AOI-010,Ahmedabad,GWT-07,25,,Coordinate list,22.9741,72.4912,coordinates_338 krish sample,,GWT-07,,,,,,,,,,,,,
AOI-010,Ahmedabad,GWT-08,25,,Coordinate list,22.9292,72.5981,coordinates_338 krish sample,,GWT-08,,,,,,,,,,,,,
AOI-010,Ahmedabad,GWT-09,25,,Coordinate list,22.9912,72.5925,coordinates_338 krish sample,,GWT-09,,,,,,,,,,,,,
AOI-010,Ahmedabad,GWT-10,25,,Coordinate list,23.0084,72.6715,coordinates_338 krish sample,,GWT-10,,,,,,,,,,,,,
AOI-010,Ahmedabad,GWT-11,25,,Coordinate list,22.9815,72.6642,coordinates_338 krish sample,,GWT-11,,,,,,,,,,,,,
AOI-010,Ahmedabad,GWT-12,25,,Coordinate list,23.0254,72.5941,coordinates_338 krish sample,,GWT-12,,,,,,,,,,,,,
AOI-010,Ahmedabad,GWT-13,25,,Coordinate list,23.1412,72.645,coordinates_338 krish sample,,GWT-13,,,,,,,,,,,,,
AOI-010,Ahmedabad,GWT-14,25,,Coordinate list,23.0452,72.5714,coordinates_338 krish sample,,GWT-14,,,,,,,,,,,,,
AOI-010,Ahmedabad,GWT-15,25,,Coordinate list,23.0365,72.5281,coordinates_338 krish sample,,GWT-15,,,,,,,,,,,,,
AOI-010,Ahmedabad,GWT-16,25,,Coordinate list,22.9942,72.4115,coordinates_338 krish sample,,GWT-16,,,,,,,,,,,,,
AOI-010,Ahmedabad,GWT-17,25,,Coordinate list,22.9612,72.6341,coordinates_338 krish sample,,GWT-17,,,,,,,,,,,,,
AOI-010,Ahmedabad,GWT-18,25,,Coordinate list,23.0845,72.5015,coordinates_338 krish sample,,GWT-18,,,,,,,,,,,,,
AOI-010,Ahmedabad,GWT-19,25,,Coordinate list,23.0514,72.5112,coordinates_338 krish sample,,GWT-19,,,,,,,,,,,,,
AOI-010,Ahmedabad,GWT-20,25,,Coordinate list,23.0782,72.6145,coordinates_338 krish sample,,GWT-20,,,,,,,,,,,,,
AOI-010,Ahmedabad,GWT-21,25,,Coordinate list,23.0195,72.5085,coordinates_338 krish sample,,GWT-21,,,,,,,,,,,,,
AOI-010,Ahmedabad,GWT-22,25,,Coordinate list,22.9841,72.5512,coordinates_338 krish sample,,GWT-22,,,,,,,,,,,,,
AOI-010,Ahmedabad,GWT-23,25,,Coordinate list,22.9841,72.5512,coordinates_338 krish sample,,GWT-23,,,,,,,,,,,,,
AOI-010,Ahmedabad,GWT-24,25,,Coordinate list,23.0294,72.6845,coordinates_338 krish sample,,GWT-24,,,,,,,,,,,,,
AOI-010,Ahmedabad,GWT-25,25,,Coordinate list,23.0294,72.6845,coordinates_338 krish sample,,GWT-25,,,,,,,,,,,,,
AOI-011,Port Blair,GWT-01,22,,Coordinate list,11.67241,92.73524,coordinates_338 krish sample,,GWT-01,,,,,,,,,,,,,
AOI-011,Port Blair,GWT-02,22,,Coordinate list,11.6845,92.7198,coordinates_338 krish sample,,GWT-02,,,,,,,,,,,,,
AOI-011,Port Blair,GWT-03,22,,Coordinate list,11.7168,92.7342,coordinates_338 krish sample,,GWT-03,,,,,,,,,,,,,
AOI-011,Port Blair,GWT-04,22,,Coordinate list,11.6421,92.7485,coordinates_338 krish sample,,GWT-04,,,,,,,,,,,,,
AOI-011,Port Blair,GWT-05,22,,Coordinate list,11.6114,92.6892,coordinates_338 krish sample,,GWT-05,,,,,,,,,,,,,
AOI-011,Port Blair,GWT-06,22,,Coordinate list,11.6582,92.7095,coordinates_338 krish sample,,GWT-06,,,,,,,,,,,,,
AOI-011,Port Blair,GWT-07,22,,Coordinate list,11.6185,92.7214,coordinates_338 krish sample,,GWT-07,,,,,,,,,,,,,
AOI-011,Port Blair,GWT-08,22,,Coordinate list,11.6672,92.7468,coordinates_338 krish sample,,GWT-08,,,,,,,,,,,,,
AOI-011,Port Blair,GWT-09,22,,Coordinate list,11.6895,92.7264,coordinates_338 krish sample,,GWT-09,,,,,,,,,,,,,
AOI-011,Port Blair,GWT-10,22,,Coordinate list,11.6745,92.7712,coordinates_338 krish sample,,GWT-10,,,,,,,,,,,,,
AOI-011,Port Blair,GWT-11,22,,Coordinate list,11.5125,92.7042,coordinates_338 krish sample,,GWT-11,,,,,,,,,,,,,
AOI-011,Port Blair,GWT-12,22,,Coordinate list,11.6294,92.7091,coordinates_338 krish sample,,GWT-12,,,,,,,,,,,,,
AOI-011,Port Blair,GWT-13,22,,Coordinate list,11.6612,92.7245,coordinates_338 krish sample,,GWT-13,,,,,,,,,,,,,
AOI-011,Port Blair,GWT-14,22,,Coordinate list,11.6685,92.6991,coordinates_338 krish sample,,GWT-14,,,,,,,,,,,,,
AOI-011,Port Blair,GWT-15,22,,Coordinate list,11.6142,92.6715,coordinates_338 krish sample,,GWT-15,,,,,,,,,,,,,
AOI-011,Port Blair,GWT-16,22,,Coordinate list,11.5992,92.6025,coordinates_338 krish sample,,GWT-16,,,,,,,,,,,,,
AOI-011,Port Blair,GWT-17,22,,Coordinate list,11.7584,92.7142,coordinates_338 krish sample,,GWT-17,,,,,,,,,,,,,
AOI-011,Port Blair,GWT-18,22,,Coordinate list,11.6381,92.7205,coordinates_338 krish sample,,GWT-18,,,,,,,,,,,,,
AOI-011,Port Blair,GWT-19,22,,Coordinate list,11.6315,92.6614,coordinates_338 krish sample,,GWT-19,,,,,,,,,,,,,
AOI-011,Port Blair,GWT-20,22,,Coordinate list,11.6492,92.7191,coordinates_338 krish sample,,GWT-20,,,,,,,,,,,,,
AOI-011,Port Blair,GWT-21,22,,Coordinate list,11.6024,92.7451,coordinates_338 krish sample,,GWT-21,,,,,,,,,,,,,
AOI-011,Port Blair,GWT-22,22,,Coordinate list,11.6045,92.6942,coordinates_338 krish sample,,GWT-22,,,,,,,,,,,,,
AOI-012,Kolkata/Howrah,GWT-01,23,,Coordinate list,22.5831,88.3524,coordinates_338 krish sample,,GWT-01,,,,,,,,,,,,,
AOI-012,Kolkata/Howrah,GWT-02,23,,Coordinate list,22.5934,88.3512,coordinates_338 krish sample,,GWT-02,,,,,,,,,,,,,
AOI-012,Kolkata/Howrah,GWT-03,23,,Coordinate list,22.5845,88.3412,coordinates_338 krish sample,,GWT-03,,,,,,,,,,,,,
AOI-012,Kolkata/Howrah,GWT-04,23,,Coordinate list,22.5692,88.4241,coordinates_338 krish sample,,GWT-04,,,,,,,,,,,,,
AOI-012,Kolkata/Howrah,GWT-05,23,,Coordinate list,22.5714,88.4892,coordinates_338 krish sample,,GWT-05,,,,,,,,,,,,,
AOI-012,Kolkata/Howrah,GWT-06,23,,Coordinate list,22.5025,88.2415,coordinates_338 krish sample,,GWT-06,,,,,,,,,,,,,
AOI-012,Kolkata/Howrah,GWT-07,23,,Coordinate list,22.5341,88.2912,coordinates_338 krish sample,,GWT-07,,,,,,,,,,,,,
AOI-012,Kolkata/Howrah,GWT-08,23,,Coordinate list,22.5815,88.2842,coordinates_338 krish sample,,GWT-08,,,,,,,,,,,,,
AOI-012,Kolkata/Howrah,GWT-09,23,,Coordinate list,22.5645,88.3691,coordinates_338 krish sample,,GWT-09,,,,,,,,,,,,,
AOI-012,Kolkata/Howrah,GWT-10,23,,Coordinate list,22.5855,88.3478,coordinates_338 krish sample,,GWT-10,,,,,,,,,,,,,
AOI-012,Kolkata/Howrah,GWT-11,23,,Coordinate list,22.5292,88.4485,coordinates_338 krish sample,,GWT-11,,,,,,,,,,,,,
AOI-012,Kolkata/Howrah,GWT-12,23,,Coordinate list,22.4412,88.3025,coordinates_338 krish sample,,GWT-12,,,,,,,,,,,,,
AOI-012,Kolkata/Howrah,GWT-13,23,,Coordinate list,22.5582,88.3385,coordinates_338 krish sample,,GWT-13,,,,,,,,,,,,,
AOI-012,Kolkata/Howrah,GWT-14,23,,Coordinate list,22.5415,88.3192,coordinates_338 krish sample,,GWT-14,,,,,,,,,,,,,
AOI-012,Kolkata/Howrah,GWT-15,23,,Coordinate list,22.5191,88.2242,coordinates_338 krish sample,,GWT-15,,,,,,,,,,,,,
AOI-012,Kolkata/Howrah,GWT-16,23,,Coordinate list,22.5312,88.3345,coordinates_338 krish sample,,GWT-16,,,,,,,,,,,,,
AOI-012,Kolkata/Howrah,GWT-17,23,,Coordinate list,22.5512,88.3491,coordinates_338 krish sample,,GWT-17,,,,,,,,,,,,,
AOI-012,Kolkata/Howrah,GWT-18,23,,Coordinate list,22.5542,88.4015,coordinates_338 krish sample,,GWT-18,,,,,,,,,,,,,
AOI-012,Kolkata/Howrah,GWT-19,23,,Coordinate list,22.5314,88.6241,coordinates_338 krish sample,,GWT-19,,,,,,,,,,,,,
AOI-012,Kolkata/Howrah,GWT-20,23,,Coordinate list,22.5685,88.3842,coordinates_338 krish sample,,GWT-20,,,,,,,,,,,,,
AOI-012,Kolkata/Howrah,GWT-21,23,,Coordinate list,22.5562,88.3245,coordinates_338 krish sample,,GWT-21,,,,,,,,,,,,,
AOI-012,Kolkata/Howrah,GWT-22,23,,Coordinate list,22.5491,88.4312,coordinates_338 krish sample,,GWT-22,,,,,,,,,,,,,
AOI-012,Kolkata/Howrah,GWT-23,23,,Coordinate list,22.5491,88.4312,coordinates_338 krish sample,,GWT-23,,,,,,,,,,,,,
AOI-013,Leh,GWT-01,24,,Coordinate list,34.1652,77.5878,coordinates_338 krish sample,,GWT-01,,,,,,,,,,,,,
AOI-013,Leh,GWT-02,24,,Coordinate list,34.1145,77.6182,coordinates_338 krish sample,,GWT-02,,,,,,,,,,,,,
AOI-013,Leh,GWT-03,24,,Coordinate list,34.2291,77.6045,coordinates_338 krish sample,,GWT-03,,,,,,,,,,,,,
AOI-013,Leh,GWT-04,24,,Coordinate list,34.1514,77.6321,coordinates_338 krish sample,,GWT-04,,,,,,,,,,,,,
AOI-013,Leh,GWT-05,24,,Coordinate list,34.0125,77.4842,coordinates_338 krish sample,,GWT-05,,,,,,,,,,,,,
AOI-013,Leh,GWT-06,24,,Coordinate list,34.1264,77.5241,coordinates_338 krish sample,,GWT-06,,,,,,,,,,,,,
AOI-013,Leh,GWT-07,24,,Coordinate list,34.1845,77.4912,coordinates_338 krish sample,,GWT-07,,,,,,,,,,,,,
AOI-013,Leh,GWT-08,24,,Coordinate list,34.0721,77.6492,coordinates_338 krish sample,,GWT-08,,,,,,,,,,,,,
AOI-013,Leh,GWT-09,24,,Coordinate list,34.1392,77.5415,coordinates_338 krish sample,,GWT-09,,,,,,,,,,,,,
AOI-013,Leh,GWT-10,24,,Coordinate list,34.1214,77.6092,coordinates_338 krish sample,,GWT-10,,,,,,,,,,,,,
AOI-013,Leh,GWT-11,24,,Coordinate list,34.1315,77.5025,coordinates_338 krish sample,,GWT-11,,,,,,,,,,,,,
AOI-013,Leh,GWT-12,24,,Coordinate list,34.1384,77.4312,coordinates_338 krish sample,,GWT-12,,,,,,,,,,,,,
AOI-013,Leh,GWT-13,24,,Coordinate list,34.2045,77.5991,coordinates_338 krish sample,,GWT-13,,,,,,,,,,,,,
AOI-013,Leh,GWT-14,24,,Coordinate list,34.0942,77.6115,coordinates_338 krish sample,,GWT-14,,,,,,,,,,,,,
AOI-013,Leh,GWT-15,24,,Coordinate list,34.2691,77.6214,coordinates_338 krish sample,,GWT-15,,,,,,,,,,,,,
AOI-013,Leh,GWT-16,24,,Coordinate list,34.1664,77.3325,coordinates_338 krish sample,,GWT-16,,,,,,,,,,,,,
AOI-013,Leh,GWT-17,24,,Coordinate list,34.0612,77.6592,coordinates_338 krish sample,,GWT-17,,,,,,,,,,,,,
AOI-013,Leh,GWT-18,24,,Coordinate list,34.0195,77.6912,coordinates_338 krish sample,,GWT-18,,,,,,,,,,,,,
AOI-013,Leh,GWT-19,24,,Coordinate list,34.0542,77.6715,coordinates_338 krish sample,,GWT-19,,,,,,,,,,,,,
AOI-013,Leh,GWT-20,24,,Coordinate list,34.0042,77.6795,coordinates_338 krish sample,,GWT-20,,,,,,,,,,,,,
AOI-013,Leh,GWT-21,24,,Coordinate list,34.0415,77.5092,coordinates_338 krish sample,,GWT-21,,,,,,,,,,,,,
AOI-013,Leh,GWT-22,24,,Coordinate list,34.1092,77.5914,coordinates_338 krish sample,,GWT-22,,,,,,,,,,,,,
AOI-013,Leh,GWT-23,24,,Coordinate list,34.1092,77.5914,coordinates_338 krish sample,,GWT-23,,,,,,,,,,,,,
AOI-013,Leh,GWT-24,24,,Coordinate list,34.1524,77.5741,coordinates_338 krish sample,,GWT-24,,,,,,,,,,,,,
AOI-014,Kohima,GWT-01,24,,Coordinate list,25.6745,94.1112,coordinates_338 krish sample,,GWT-01,,,,,,,,,,,,,
AOI-014,Kohima,GWT-02,24,,Coordinate list,25.7114,94.0985,coordinates_338 krish sample,,GWT-02,,,,,,,,,,,,,
AOI-014,Kohima,GWT-03,24,,Coordinate list,25.6421,94.0815,coordinates_338 krish sample,,GWT-03,,,,,,,,,,,,,
AOI-014,Kohima,GWT-04,24,,Coordinate list,25.6292,94.1315,coordinates_338 krish sample,,GWT-04,,,,,,,,,,,,,
AOI-014,Kohima,GWT-05,24,,Coordinate list,25.6585,94.1242,coordinates_338 krish sample,,GWT-05,,,,,,,,,,,,,
AOI-014,Kohima,GWT-06,24,,Coordinate list,25.5942,94.1485,coordinates_338 krish sample,,GWT-06,,,,,,,,,,,,,
AOI-014,Kohima,GWT-07,24,,Coordinate list,25.6025,94.1192,coordinates_338 krish sample,,GWT-07,,,,,,,,,,,,,
AOI-014,Kohima,GWT-08,24,,Coordinate list,25.6512,94.1024,coordinates_338 krish sample,,GWT-08,,,,,,,,,,,,,
AOI-014,Kohima,GWT-09,24,,Coordinate list,25.6885,94.1412,coordinates_338 krish sample,,GWT-09,,,,,,,,,,,,,
AOI-014,Kohima,GWT-10,24,,Coordinate list,25.6482,94.0241,coordinates_338 krish sample,,GWT-10,,,,,,,,,,,,,
AOI-014,Kohima,GWT-11,24,,Coordinate list,25.6715,94.0892,coordinates_338 krish sample,,GWT-11,,,,,,,,,,,,,
AOI-014,Kohima,GWT-12,24,,Coordinate list,25.6624,94.0415,coordinates_338 krish sample,,GWT-12,,,,,,,,,,,,,
AOI-014,Kohima,GWT-13,24,,Coordinate list,25.6314,94.1085,coordinates_338 krish sample,,GWT-13,,,,,,,,,,,,,
AOI-014,Kohima,GWT-14,24,,Coordinate list,25.5712,94.1614,coordinates_338 krish sample,,GWT-14,,,,,,,,,,,,,
AOI-014,Kohima,GWT-15,24,,Coordinate list,25.6214,94.0692,coordinates_338 krish sample,,GWT-15,,,,,,,,,,,,,
AOI-014,Kohima,GWT-16,24,,Coordinate list,25.7291,94.1245,coordinates_338 krish sample,,GWT-16,,,,,,,,,,,,,
AOI-014,Kohima,GWT-17,24,,Coordinate list,25.7185,94.1112,coordinates_338 krish sample,,GWT-17,,,,,,,,,,,,,
AOI-014,Kohima,GWT-18,24,,Coordinate list,25.6115,94.0491,coordinates_338 krish sample,,GWT-18,,,,,,,,,,,,,
AOI-014,Kohima,GWT-19,24,,Coordinate list,25.5642,94.1985,coordinates_338 krish sample,,GWT-19,,,,,,,,,,,,,
AOI-014,Kohima,GWT-20,24,,Coordinate list,25.5891,94.1214,coordinates_338 krish sample,,GWT-20,,,,,,,,,,,,,
AOI-014,Kohima,GWT-21,24,,Coordinate list,25.6684,94.1145,coordinates_338 krish sample,,GWT-21,,,,,,,,,,,,,
AOI-014,Kohima,GWT-22,24,,Coordinate list,25.6145,94.1524,coordinates_338 krish sample,,GWT-22,,,,,,,,,,,,,
AOI-014,Kohima,GWT-23,24,,Coordinate list,25.6145,94.1524,coordinates_338 krish sample,,GWT-23,,,,,,,,,,,,,
AOI-014,Kohima,GWT-24,24,,Coordinate list,25.6452,94.1015,coordinates_338 krish sample,,GWT-24,,,,,,,,,,,,,
AOI-015,Majuli,T-01,25,Braided channel / sand,GEE-validated candidate list,27.0545,94.215,LocationsandCoordinates.docx,,Majuli row 1,,,,,HIGH,Dhakuakhana Border Reach,Nov,,,GEE_VALIDATED,,,
AOI-015,Majuli,T-02,25,Exposed char,Candidate list,26.862,94.124,LocationsandCoordinates.docx,,Majuli row 2,,,,,MEDIUM,Off Dakhinpat Shoreline,Dec,,,Candidate — requires validation,,,
AOI-015,Majuli,T-03,25,Raised village / ponds,GEE-validated candidate list,26.9635,94.1165,LocationsandCoordinates.docx,,Majuli row 3,,,,,HIGH,Garamur Town / Main Road,Jan,,,GEE_VALIDATED,,,
AOI-015,Majuli,T-04,25,Paddy–floodplain mosaic,GEE-validated candidate list,26.942,94.148,LocationsandCoordinates.docx,,Majuli row 4,,,,,HIGH,Veeraki Road / Agriculture Area,Feb,,,GEE_VALIDATED,,,
AOI-015,Majuli,T-05,25,Stable island-margin vegetation,GEE-validated candidate list,27.028,94.041,LocationsandCoordinates.docx,,Majuli row 5,,,,,HIGH,Jengraimukh Edge,Mar,,,GEE_VALIDATED,,,
AOI-015,Majuli,T-06,25,Beel / abandoned channel,GEE-validated candidate list,26.911,93.985,LocationsandCoordinates.docx,,Majuli row 6,,,,,HIGH,South-Western Lowlands,Apr,,,GEE_VALIDATED,,,
AOI-015,Majuli,T-07,25,Active bank-erosion geometry,Candidate list,26.8785,94.234,LocationsandCoordinates.docx,,Majuli row 7,,,,,MEDIUM,Salmora Pottery Village,Oct,,,Candidate — dynamic scarp,,,
AOI-015,Majuli,T-08,25,Sand–grass–cultivation interface,GEE-validated candidate list,26.899,94.271,LocationsandCoordinates.docx,,Majuli row 8,,,,,HIGH,Besamara Village,Nov,,,GEE_VALIDATED,,,
AOI-015,Majuli,T-09,25,Settlement–field–water proximity,GEE-validated candidate list,26.9415,94.258,LocationsandCoordinates.docx,,Majuli row 9,,,,,HIGH,Samaguri Mask-making Center,Dec,,,GEE_VALIDATED,,,
AOI-015,Majuli,T-10,25,Secondary-channel confluence,GEE-validated candidate list,26.885,93.912,LocationsandCoordinates.docx,,Majuli row 10,,,,,HIGH,Western Tip Confluence,Jan,,,GEE_VALIDATED,,,
AOI-015,Majuli,T-11,25,Large beel open water,GEE-validated candidate list,26.9398,94.1388,LocationsandCoordinates.docx,,Majuli row 11,,,,,HIGH,Central Wetland Sanctuary,Feb,,,GEE_VALIDATED,,,
AOI-015,Majuli,T-12,25,Wet-rice vs dry-fallow contrast,GEE-validated candidate list,26.953,94.072,LocationsandCoordinates.docx,,Majuli row 12,,,,,HIGH,Auniati Satra Outskirts,Mar,,,GEE_VALIDATED,,,
AOI-015,Majuli,T-13,25,Ferry-crossing / pontoon node,GEE-validated candidate list,26.8912,94.1615,LocationsandCoordinates.docx,,Majuli row 13,,,,,HIGH,Nimati-Kamalabari Route,Apr,,,GEE_VALIDATED,,,
AOI-015,Majuli,T-14,25,New char grass colonisation,Candidate list,26.845,94.191,LocationsandCoordinates.docx,,Majuli row 14,,,,,MEDIUM,Southern Mid-Stream Channel,Oct,,,Candidate — dynamic bar,,,
AOI-015,Majuli,T-15,25,Wide braided-channel geometry,GEE-validated candidate list,26.852,94.032,LocationsandCoordinates.docx,,Majuli row 15,,,,,HIGH,South-Western Braiding Zone,Nov,,,GEE_VALIDATED,,,
AOI-015,Majuli,T-16,25,High-bank erosion scarp,GEE-validated candidate list,26.921,94.318,LocationsandCoordinates.docx,,Majuli row 16,,,,,HIGH,Eastern Embankment Section,Dec,,,GEE_VALIDATED,,,
AOI-015,Majuli,T-17,25,Tank / pond cluster in village,GEE-validated candidate list,26.946,94.1655,LocationsandCoordinates.docx,,Majuli row 17,,,,,HIGH,Kamalabari Market Grid,Jan,,,GEE_VALIDATED,,,
AOI-015,Majuli,T-18,25,Inundated paddy state,GEE-validated candidate list,26.974,94.152,LocationsandCoordinates.docx,,Majuli row 18,,,,,HIGH,QC-GATED — MULTI-TEMP REQ,Sep,,,GEE_VALIDATED,,,
AOI-015,Majuli,T-19,25,Water-edge stilted settlement,GEE-validated candidate list,27.034,94.053,LocationsandCoordinates.docx,,Majuli row 19,,,,,HIGH,Kherkutia Flood Margin,Feb,,,GEE_VALIDATED,,,
AOI-015,Majuli,T-20,25,Char agriculture vs sand edge,GEE-validated candidate list,26.871,94.075,LocationsandCoordinates.docx,,Majuli row 20,,,,,HIGH,Southern Interior Sand Sheet,Mar,,,GEE_VALIDATED,,,
AOI-015,Majuli,T-21,25,Abandoned-channel oxbow veg,GEE-validated candidate list,27.0125,94.182,LocationsandCoordinates.docx,,Majuli row 21,,,,,HIGH,Northern Meander Cut-off,Apr,,,GEE_VALIDATED,,,
AOI-015,Majuli,T-22,25,Selected char (Post-Monsoon),GEE-validated candidate list,26.858,94.154,LocationsandCoordinates.docx,,Majuli row 22,,,,,HIGH,TP-1: Central Active Channel,Nov,,,GEE_VALIDATED,,,
AOI-015,Majuli,T-23,25,Selected char (Pre-Monsoon),GEE-validated candidate list,26.858,94.154,LocationsandCoordinates.docx,,Majuli row 23,,,,,HIGH,TP-1: SAME Central Char,Apr,,,GEE_VALIDATED,,,
AOI-015,Majuli,T-24,25,Fixed beel (High Water),GEE-validated candidate list,26.985,94.223,LocationsandCoordinates.docx,,Majuli row 24,,,,,HIGH,TP-2: Eastern Protected Wetland,Dec,,,GEE_VALIDATED,,,
AOI-015,Majuli,T-25,25,Fixed beel (Drawdown),GEE-validated candidate list,26.985,94.223,LocationsandCoordinates.docx,,Majuli row 25,,,,,HIGH,TP-2: SAME Eastern Wetland,Apr,,,GEE_VALIDATED,,,
AOI-016,Dibrugarh,T-01,25,Compact town,GEE-validated candidate list,27.475,94.912,LocationsandCoordinates.docx,,Dibrugarh row 1,,,,,HIGH,Chowkidinghee Traffic Chariali,Nov,,,GEE_VALIDATED,,,
AOI-016,Dibrugarh,T-02,25,Regular tea blocks,GEE-validated candidate list,27.462,94.885,LocationsandCoordinates.docx,,Dibrugarh row 2,,,,,HIGH,Mankatta Estate Hospital Road,Dec,,,GEE_VALIDATED,,,
AOI-016,Dibrugarh,T-03,25,Tea/shade-tree mosaic,GEE-validated candidate list,27.498,94.952,LocationsandCoordinates.docx,,Dibrugarh row 3,,,,,HIGH,Upper Maijan Division Road,Jan,,,GEE_VALIDATED,,,
AOI-016,Dibrugarh,T-04,25,Brahmaputra/tributary bank,GEE-validated candidate list,27.488,94.895,LocationsandCoordinates.docx,,Dibrugarh row 4,,,,,HIGH,Dibrugarh Protection Dyke Wall,Feb,,,GEE_VALIDATED,,,
AOI-016,Dibrugarh,T-05,25,Paddy/mixed crop mosaic,GEE-validated candidate list,27.435,94.942,LocationsandCoordinates.docx,,Dibrugarh row 5,,,,,HIGH,NH-715 Bypass Sector,Mar,,,GEE_VALIDATED,,,
AOI-016,Dibrugarh,T-06,25,Industrial-service fringe,GEE-validated candidate list,27.482,95.015,LocationsandCoordinates.docx,,Dibrugarh row 6,,,,,HIGH,Mohanbari Airport Link Road,Apr,,,GEE_VALIDATED,,,
AOI-016,Dibrugarh,T-07,25,Riparian sand-veg contrast,Candidate list,27.521,94.931,LocationsandCoordinates.docx,,Dibrugarh row 7,,,,,MEDIUM,Brahmaputra High Water Margin,Oct,,,Candidate — dynamic scarp,,,
AOI-016,Dibrugarh,T-08,25,Settlement in plantation,GEE-validated candidate list,27.452,94.871,LocationsandCoordinates.docx,,Dibrugarh row 8,,,,,HIGH,Mankatta Village Line Road,Nov,,,GEE_VALIDATED,,,
AOI-016,Dibrugarh,T-09,25,Plantation-field boundary,GEE-validated candidate list,27.441,94.962,LocationsandCoordinates.docx,,Dibrugarh row 9,,,,,HIGH,Lahoal Agro-Drainage Ditch,Dec,,,GEE_VALIDATED,,,
AOI-016,Dibrugarh,T-10,25,Agricultural pond/wetland,GEE-validated candidate list,27.421,94.905,LocationsandCoordinates.docx,,Dibrugarh row 10,,,,,HIGH,South Dibrugarh Flood Track,Jan,,,GEE_VALIDATED,,,
AOI-016,Dibrugarh,T-11,25,Town-green fringe,GEE-validated candidate list,27.468,94.922,LocationsandCoordinates.docx,,Dibrugarh row 11,,,,,HIGH,Old Railway Corridor Ground,Feb,,,GEE_VALIDATED,,,
AOI-016,Dibrugarh,T-12,25,Dense town-road grid,GEE-validated candidate list,27.471,94.905,LocationsandCoordinates.docx,,Dibrugarh row 12,,,,,HIGH,Thana Chariali West Reach,Mar,,,GEE_VALIDATED,,,
AOI-016,Dibrugarh,T-13,25,Tea-estate infrastructure,GEE-validated candidate list,27.466,94.881,LocationsandCoordinates.docx,,Dibrugarh row 13,,,,,HIGH,Mankatta Factory Storage Complex,Apr,,,GEE_VALIDATED,,,
AOI-016,Dibrugarh,T-14,25,Brahmaputra dune fields,GEE-validated candidate list,27.535,94.892,LocationsandCoordinates.docx,,Dibrugarh row 14,,,,,HIGH,Main Flow Channel Shoals,Oct,,,GEE_VALIDATED,,,
AOI-016,Dibrugarh,T-15,25,Paddy-mustard rotation state,GEE-validated candidate list,27.412,94.975,LocationsandCoordinates.docx,,Dibrugarh row 15,,,,,HIGH,Jokai Reserve Outskirts,Nov,,,GEE_VALIDATED,,,
AOI-016,Dibrugarh,T-16,25,Marsh/depression with reeds,GEE-validated candidate list,27.502,94.971,LocationsandCoordinates.docx,,Dibrugarh row 16,,,,,HIGH,Maijan Wetland Depression,Dec,,,GEE_VALIDATED,,,
AOI-016,Dibrugarh,T-17,25,Oil/industrial precinct,GEE-validated candidate list,27.448,95.032,LocationsandCoordinates.docx,,Dibrugarh row 17,,,,,HIGH,Dikom Industrial Corridor,Jan,,,GEE_VALIDATED,,,
AOI-016,Dibrugarh,T-18,25,Alluvial island near bank,Candidate list,27.511,94.872,LocationsandCoordinates.docx,,Dibrugarh row 18,,,,,MEDIUM,Near Bank Active Braided Bar,Feb,,,Candidate — dynamic bar,,,
AOI-016,Dibrugarh,T-19,25,Tea-field boundary geometry,GEE-validated candidate list,27.488,94.965,LocationsandCoordinates.docx,,Dibrugarh row 19,,,,,HIGH,Nadwa-Jalannagar Division Road,Mar,,,GEE_VALIDATED,,,
AOI-016,Dibrugarh,T-20,25,Scattered rural settlement,GEE-validated candidate list,27.458,94.982,LocationsandCoordinates.docx,,Dibrugarh row 20,,,,,HIGH,Lahoal Junction East Grid,Apr,,,GEE_VALIDATED,,,
AOI-016,Dibrugarh,T-21,25,River-sand to veg transition,GEE-validated candidate list,27.542,94.911,LocationsandCoordinates.docx,,Dibrugarh row 21,,,,,HIGH,Outer Protection Embankment,May,,,GEE_VALIDATED,,,
AOI-016,Dibrugarh,T-22,25,Selected tea block (Pruned),GEE-validated candidate list,27.4645,94.8885,LocationsandCoordinates.docx,,Dibrugarh row 22,,,,,HIGH,TP-1: Mankatta Section 12,Dec,,,GEE_VALIDATED,,,
AOI-016,Dibrugarh,T-23,25,Selected tea block (Flush),GEE-validated candidate list,27.4645,94.8885,LocationsandCoordinates.docx,,Dibrugarh row 23,,,,,HIGH,TP-1: SAME Mankatta Section 12,Mar,,,GEE_VALIDATED,,,
AOI-016,Dibrugarh,T-24,25,Fixed riverbank (High Water),GEE-validated candidate list,27.4925,94.891,LocationsandCoordinates.docx,,Dibrugarh row 24,,,,,HIGH,TP-2: Spur Wall Consolidation,Nov,,,GEE_VALIDATED,,,
AOI-016,Dibrugarh,T-25,25,Fixed riverbank (Low Water),GEE-validated candidate list,27.4925,94.891,LocationsandCoordinates.docx,,Dibrugarh row 25,,,,,HIGH,TP-2: SAME Spur Protection Zone,Feb,,,GEE_VALIDATED,,,
AOI-017,Silchar,T-01,25,Compact city,GEE-validated candidate list,24.8315,92.7785,LocationsandCoordinates.docx,,Silchar row 1,,,,,HIGH,Central Goldighi Mall / Club Road,Nov,,,GEE_VALIDATED,,,
AOI-017,Silchar,T-02,25,Barak River bank/channel,GEE-validated candidate list,24.8465,92.779,LocationsandCoordinates.docx,,Silchar row 2,,,,,HIGH,New Sadarghat Bridge / River Front,Dec,,,GEE_VALIDATED,,,
AOI-017,Silchar,T-03,25,Valley paddy,GEE-validated candidate list,24.732,92.894,LocationsandCoordinates.docx,,Silchar row 3,,,,,HIGH,Sonai-Moti Nagar Link Road,Jan,,,GEE_VALIDATED,,,
AOI-017,Silchar,T-04,25,Open wetland/haor margin,GEE-validated candidate list,24.715,92.748,LocationsandCoordinates.docx,,Silchar row 4,,,,,HIGH,Chatla Lowland Drainage Buffer,Feb,,,GEE_VALIDATED,,,
AOI-017,Silchar,T-05,25,Low hill/forest fringe,GEE-validated candidate list,24.605,92.852,LocationsandCoordinates.docx,,Silchar row 5,,,,,HIGH,Dholai Hill Base Forest Track,Mar,,,GEE_VALIDATED,,,
AOI-017,Silchar,T-06,25,Peri-urban ribbon growth,GEE-validated candidate list,24.829,92.747,LocationsandCoordinates.docx,,Silchar row 6,,,,,HIGH,NH-37 Silchar-Badarpur Road,Apr,,,GEE_VALIDATED,,,
AOI-017,Silchar,T-07,25,Riverbank agriculture,GEE-validated candidate list,24.851,92.793,LocationsandCoordinates.docx,,Silchar row 7,,,,,HIGH,Madhurbond Local River Reach,Oct,,,GEE_VALIDATED,,,
AOI-017,Silchar,T-08,25,Ponded-field/settlement relation,GEE-validated candidate list,24.805,92.784,LocationsandCoordinates.docx,,Silchar row 8,,,,,HIGH,Silchar Medical College Link,Nov,,,GEE_VALIDATED,,,
AOI-017,Silchar,T-09,25,Transport corridor across valley,GEE-validated candidate list,24.743,92.792,LocationsandCoordinates.docx,,Silchar row 9,,,,,HIGH,NH-6 Highway Causeway,Dec,,,GEE_VALIDATED,,,
AOI-017,Silchar,T-10,25,Seasonal waterbody edge,GEE-validated candidate list,24.862,92.684,LocationsandCoordinates.docx,,Silchar row 10,,,,,HIGH,Badarpur-Silchar Boundary Reach,Jan,,,GEE_VALIDATED,,,
AOI-017,Silchar,T-11,25,Crop/woodland slope mosaic,GEE-validated candidate list,24.912,92.845,LocationsandCoordinates.docx,,Silchar row 11,,,,,HIGH,Udharbond Tea Estate Boundary,Feb,,,GEE_VALIDATED,,,
AOI-017,Silchar,T-12,25,Barak meander bend,GEE-validated candidate list,24.861,92.789,LocationsandCoordinates.docx,,Silchar row 12,,,,,HIGH,Dudhpatil Ferry Point Sector,Mar,,,GEE_VALIDATED,,,
AOI-017,Silchar,T-13,25,Haor sheet-water edge,GEE-validated candidate list,24.689,92.735,LocationsandCoordinates.docx,,Silchar row 13,,,,,HIGH,Southern Catchment Plain,Oct,,,GEE_VALIDATED,,,
AOI-017,Silchar,T-14,25,Hill-base alluvial-fan fields,GEE-validated candidate list,24.821,92.695,LocationsandCoordinates.docx,,Silchar row 14,,,,,HIGH,Shrikona NIT Campus Outskirts,Nov,,,GEE_VALIDATED,,,
AOI-017,Silchar,T-15,25,Town tank/pond cluster,GEE-validated candidate list,24.8195,92.7755,LocationsandCoordinates.docx,,Silchar row 15,,,,,HIGH,Ambicapatty Main Residential Grid,Dec,,,GEE_VALIDATED,,,
AOI-017,Silchar,T-16,25,Rail yard/transport node,GEE-validated candidate list,24.849,92.768,LocationsandCoordinates.docx,,Silchar row 16,,,,,HIGH,Silchar Railway Station Yards,Jan,,,GEE_VALIDATED,,,
AOI-017,Silchar,T-17,25,Brick-kiln/light-industry fringe,GEE-validated candidate list,24.856,92.762,LocationsandCoordinates.docx,,Silchar row 17,,,,,HIGH,Malugram Flood Dyke Sector,Feb,,,GEE_VALIDATED,,,
AOI-017,Silchar,T-18,25,River island/bar,Candidate list,24.789,92.842,LocationsandCoordinates.docx,,Silchar row 18,,,,,MEDIUM,Sonabarighat River Junction,Mar,,,Candidate — dynamic shoal,,,
AOI-017,Silchar,T-19,25,Monsoon floodplain spread,GEE-validated candidate list,24.638,92.764,LocationsandCoordinates.docx,,Silchar row 19,,,,,HIGH,QC-GATED — MULTI-TEMP REQ,Sep,,,GEE_VALIDATED,,,
AOI-017,Silchar,T-20,25,Paddy mosaic with scattered groves,GEE-validated candidate list,24.795,93.012,LocationsandCoordinates.docx,,Silchar row 20,,,,,HIGH,Lakhipur Road Settlement Grids,Apr,,,GEE_VALIDATED,,,
AOI-017,Silchar,T-21,25,Ridge-to-valley drainage texture,GEE-validated candidate list,24.681,92.955,LocationsandCoordinates.docx,,Silchar row 21,,,,,HIGH,Bhuban Pilgrimage Foot Trails,May,,,GEE_VALIDATED,,,
AOI-017,Silchar,T-22,25,Fixed Barak bank (High Water),GEE-validated candidate list,24.8392,92.7845,LocationsandCoordinates.docx,,Silchar row 22,,,,,HIGH,TP-1: Protection Wall Section,Nov,,,GEE_VALIDATED,,,
AOI-017,Silchar,T-23,25,Fixed Barak bank (Low Water),GEE-validated candidate list,24.8392,92.7845,LocationsandCoordinates.docx,,Silchar row 23,,,,,HIGH,TP-1: SAME Protection Edge,Mar,,,GEE_VALIDATED,,,
AOI-017,Silchar,T-24,25,Fixed wetland edge (Wet),GEE-validated candidate list,24.704,92.741,LocationsandCoordinates.docx,,Silchar row 24,,,,,HIGH,TP-2: Seasonal Core Depression,Feb,,,GEE_VALIDATED,,,
AOI-017,Silchar,T-25,25,Fixed wetland edge (Dry),GEE-validated candidate list,24.704,92.741,LocationsandCoordinates.docx,,Silchar row 25,,,,,HIGH,TP-2: SAME Core Depression,Dec,,,GEE_VALIDATED,,,
AOI-018,Bongaigaon,T-01,25,Town core,GEE-validated candidate list,26.523,90.558,LocationsandCoordinates.docx,,Bongaigaon row 1,,,,,HIGH,Mayapuri / Station Road,Nov,,,GEE_VALIDATED,,,
AOI-018,Bongaigaon,T-02,25,Industrial/utility precinct,GEE-validated candidate list,26.541,90.522,LocationsandCoordinates.docx,,Bongaigaon row 2,,,,,HIGH,Dhaligaon Main Gate,Dec,,,GEE_VALIDATED,,,
AOI-018,Bongaigaon,T-03,25,Alluvial cropland,GEE-validated candidate list,26.495,90.542,LocationsandCoordinates.docx,,Bongaigaon row 3,,,,,HIGH,Mulagaon Village Road,Jan,,,GEE_VALIDATED,,,
AOI-018,Bongaigaon,T-04,25,Riparian corridor,GEE-validated candidate list,26.556,90.595,LocationsandCoordinates.docx,,Bongaigaon row 4,,,,,HIGH,Aie River Road Bridge,Feb,,,GEE_VALIDATED,,,
AOI-018,Bongaigaon,T-05,25,Low rugged hill/foothill,GEE-validated candidate list,26.534,90.638,LocationsandCoordinates.docx,,Bongaigaon row 5,,,,,HIGH,Golden Langur Eco-Zone,Mar,,,GEE_VALIDATED,,,
AOI-018,Bongaigaon,T-06,25,River-field boundary,GEE-validated candidate list,26.572,90.581,LocationsandCoordinates.docx,,Bongaigaon row 6,,,,,HIGH,Salakati Rural Embankment,Apr,,,GEE_VALIDATED,,,
AOI-018,Bongaigaon,T-07,25,Peri-urban expansion,GEE-validated candidate list,26.512,90.582,LocationsandCoordinates.docx,,Bongaigaon row 7,,,,,HIGH,NH-27 Highway Intersection,Oct,,,GEE_VALIDATED,,,
AOI-018,Bongaigaon,T-08,25,Waterlogged agricultural patch,GEE-validated candidate list,26.472,90.515,LocationsandCoordinates.docx,,Bongaigaon row 8,,,,,HIGH,Majgaon Waterway Basin,Nov,,,GEE_VALIDATED,,,
AOI-018,Bongaigaon,T-09,25,Road/rail-industrial interface,GEE-validated candidate list,26.508,90.535,LocationsandCoordinates.docx,,Bongaigaon row 9,,,,,HIGH,New Bongaigaon Junction Grid,Dec,,,GEE_VALIDATED,,,
AOI-018,Bongaigaon,T-10,25,Silted-channel edge,GEE-validated candidate list,26.545,90.565,LocationsandCoordinates.docx,,Bongaigaon row 10,,,,,HIGH,North Town Drainage Loop,Jan,,,GEE_VALIDATED,,,
AOI-018,Bongaigaon,T-11,25,Wooded-hill/plain transition,GEE-validated candidate list,26.522,90.621,LocationsandCoordinates.docx,,Bongaigaon row 11,,,,,HIGH,Abhayapuri Link Road,Feb,,,GEE_VALIDATED,,,
AOI-018,Bongaigaon,T-12,25,Built/alluvial-field transition,GEE-validated candidate list,26.531,90.502,LocationsandCoordinates.docx,,Bongaigaon row 12,,,,,HIGH,Refinery West Perimeter Fence,Mar,,,GEE_VALIDATED,,,
AOI-018,Bongaigaon,T-13,25,Manas-linked riparian corridor,Candidate list,26.515,90.741,LocationsandCoordinates.docx,,Bongaigaon row 13,,,,,MEDIUM,Lengtisinga River Reach,Apr,,,Candidate — dynamic channels,,,
AOI-018,Bongaigaon,T-14,25,Paddy with scattered ponds,GEE-validated candidate list,26.485,90.592,LocationsandCoordinates.docx,,Bongaigaon row 14,,,,,HIGH,Srijangram Block Office Ponds,Oct,,,GEE_VALIDATED,,,
AOI-018,Bongaigaon,T-15,25,Foothill scrub-to-field line,GEE-validated candidate list,26.561,90.652,LocationsandCoordinates.docx,,Bongaigaon row 15,,,,,HIGH,Khagarpur Village Road,Nov,,,GEE_VALIDATED,,,
AOI-018,Bongaigaon,T-16,25,Broad sand-bar channel,GEE-validated candidate list,26.585,90.612,LocationsandCoordinates.docx,,Bongaigaon row 16,,,,,HIGH,Fluvial Deposition Plains,Dec,,,GEE_VALIDATED,,,
AOI-018,Bongaigaon,T-17,25,Settlement along rail line,GEE-validated candidate list,26.515,90.511,LocationsandCoordinates.docx,,Bongaigaon row 17,,,,,HIGH,Central Railway Colony Track,Jan,,,GEE_VALIDATED,,,
AOI-018,Bongaigaon,T-18,25,Low-hill outcrop patch,GEE-validated candidate list,26.482,90.561,LocationsandCoordinates.docx,,Bongaigaon row 18,,,,,HIGH,Bhairab Pahar Temple Base,Feb,,,GEE_VALIDATED,,,
AOI-018,Bongaigaon,T-19,25,Monsoon wet-field mosaic,GEE-validated candidate list,26.461,90.552,LocationsandCoordinates.docx,,Bongaigaon row 19,,,,,HIGH,QC-GATED — MULTI-TEMP REQ,Sep,,,GEE_VALIDATED,,,
AOI-018,Bongaigaon,T-20,25,Town fringe-growth blocks,GEE-validated candidate list,26.535,90.545,LocationsandCoordinates.docx,,Bongaigaon row 20,,,,,HIGH,North Bongaigaon Sector,Oct,,,GEE_VALIDATED,,,
AOI-018,Bongaigaon,T-21,25,Industrial precinct texture,GEE-validated candidate list,26.544,90.528,LocationsandCoordinates.docx,,Bongaigaon row 21,,,,,HIGH,Refinery Cooling Tower Units,Nov,,,GEE_VALIDATED,,,
AOI-018,Bongaigaon,T-22,25,Fixed riparian corridor,GEE-validated candidate list,26.562,90.591,LocationsandCoordinates.docx,,Bongaigaon row 22,,,,,HIGH,TP-1: Bridge Gauging Section,Nov,,,GEE_VALIDATED,,,
AOI-018,Bongaigaon,T-23,25,Fixed riparian corridor,GEE-validated candidate list,26.562,90.591,LocationsandCoordinates.docx,,Bongaigaon row 23,,,,,HIGH,TP-1: SAME Bridge Gauging Zone,Apr,,,GEE_VALIDATED,,,
AOI-018,Bongaigaon,T-24,25,Fixed town-industrial edge,GEE-validated candidate list,26.538,90.535,LocationsandCoordinates.docx,,Bongaigaon row 24,,,,,HIGH,TP-2: Dhaligaon Expansion Belt,Dec,,,GEE_VALIDATED,,,
AOI-018,Bongaigaon,T-25,25,Fixed town-industrial edge,GEE-validated candidate list,26.538,90.535,LocationsandCoordinates.docx,,Bongaigaon row 25,,,,,HIGH,TP-2: SAME Dhaligaon Buffer Zone,Mar,,,GEE_VALIDATED,,,
AOI-019,Guwahati,T-01,25,Dense core,GEE-validated candidate list,26.178,91.753,LocationsandCoordinates.docx,,Guwahati row 1,,,,,HIGH,Guwahati Central Railway Station,Nov,,,GEE_VALIDATED,,,
AOI-019,Guwahati,T-02,25,Brahmaputra waterfront,GEE-validated candidate list,26.1895,91.7415,LocationsandCoordinates.docx,,Guwahati row 2,,,,,HIGH,MG Road / Mahatma Gandhi Park,Dec,,,GEE_VALIDATED,,,
AOI-019,Guwahati,T-03,25,Hill-slope settlement,GEE-validated candidate list,26.166,91.705,LocationsandCoordinates.docx,,Guwahati row 3,,,,,HIGH,Kamakhya Temple Access Road,Jan,,,GEE_VALIDATED,,,
AOI-019,Guwahati,T-04,25,Deepor Beel/reed-water edge,GEE-validated candidate list,26.121,91.674,LocationsandCoordinates.docx,,Guwahati row 4,,,,,HIGH,Tower Crossing / Railway Track,Feb,,,GEE_VALIDATED,,,
AOI-019,Guwahati,T-05,25,Urban wetland edge,GEE-validated candidate list,26.143,91.815,LocationsandCoordinates.docx,,Guwahati row 5,,,,,HIGH,Chachal / VIP Road Corridor,Mar,,,GEE_VALIDATED,,,
AOI-019,Guwahati,T-06,25,Peri-urban paddy/garden mosaic,GEE-validated candidate list,26.138,91.602,LocationsandCoordinates.docx,,Guwahati row 6,,,,,HIGH,Lokpriya Gopinath Bordoloi Airport,Apr,,,GEE_VALIDATED,,,
AOI-019,Guwahati,T-07,25,Rail-road-warehouse corridor,GEE-validated candidate list,26.108,91.812,LocationsandCoordinates.docx,,Guwahati row 7,,,,,HIGH,GS Road / NH-27 Intersect Grid,Oct,,,GEE_VALIDATED,,,
AOI-019,Guwahati,T-08,25,Low-rise expansion against hill,GEE-validated candidate list,26.159,91.841,LocationsandCoordinates.docx,,Guwahati row 8,,,,,HIGH,Narengi Railway Colony Border,Nov,,,GEE_VALIDATED,,,
AOI-019,Guwahati,T-09,25,River sandbar/channel,GEE-validated candidate list,26.202,91.761,LocationsandCoordinates.docx,,Guwahati row 9,,,,,HIGH,Jahaj Ghat Braiding Sector,Dec,,,GEE_VALIDATED,,,
AOI-019,Guwahati,T-10,25,Hill-forest/built boundary,GEE-validated candidate list,26.084,91.722,LocationsandCoordinates.docx,,Guwahati row 10,,,,,HIGH,ISBT / Lokhra Extension Axis,Jan,,,GEE_VALIDATED,,,
AOI-019,Guwahati,T-11,25,Quarries/borrow pits,Candidate list,26.141,91.729,LocationsandCoordinates.docx,,Guwahati row 11,,,,,MEDIUM,Dhirenpara Boundary Excavations,Feb,,,Candidate — dynamic terrain,,,
AOI-019,Guwahati,T-12,25,Rural node with tank cluster,GEE-validated candidate list,26.275,91.698,LocationsandCoordinates.docx,,Guwahati row 12,,,,,HIGH,North Guwahati Highway Node,Mar,,,GEE_VALIDATED,,,
AOI-019,Guwahati,T-13,25,Tea-garden belt north bank,GEE-validated candidate list,26.291,91.785,LocationsandCoordinates.docx,,Guwahati row 13,,,,,HIGH,Baihata Road Section,Apr,,,GEE_VALIDATED,,,
AOI-019,Guwahati,T-14,25,Sand-bar to grass succession,GEE-validated candidate list,26.211,91.718,LocationsandCoordinates.docx,,Guwahati row 14,,,,,HIGH,Madhyam Khanda Riparian Ecotone,May,,,GEE_VALIDATED,,,
AOI-019,Guwahati,T-15,25,Lowland paddy post-transplant,GEE-validated candidate list,26.062,91.615,LocationsandCoordinates.docx,,Guwahati row 15,,,,,HIGH,Rani Forest Range Base,Oct,,,GEE_VALIDATED,,,
AOI-019,Guwahati,T-16,25,Hill-shadow shaded relief,GEE-validated candidate list,26.148,91.789,LocationsandCoordinates.docx,,Guwahati row 16,,,,,HIGH,Assam State Secretariat Ridge,Nov,,,GEE_VALIDATED,,,
AOI-019,Guwahati,T-17,25,Drainage-fed reed marsh,GEE-validated candidate list,26.104,91.662,LocationsandCoordinates.docx,,Guwahati row 17,,,,,HIGH,Garchuk-Pamohi Link Corridor,Dec,,,GEE_VALIDATED,,,
AOI-019,Guwahati,T-18,25,Mid-channel island geometry,GEE-validated candidate list,26.1952,91.7441,LocationsandCoordinates.docx,,Guwahati row 18,,,,,HIGH,Peacock Island / River Core,Jan,,,GEE_VALIDATED,,,
AOI-019,Guwahati,T-19,25,Wetland-channel network,GEE-validated candidate list,26.128,91.688,LocationsandCoordinates.docx,,Guwahati row 19,,,,,HIGH,Dump Site Drainage Channels,Feb,,,GEE_VALIDATED,,,
AOI-019,Guwahati,T-20,25,Exposed cut/scar,Candidate list,26.129,91.748,LocationsandCoordinates.docx,,Guwahati row 20,,,,,MEDIUM,Lalganesh Hill Perimeter Slope,Mar,,,Candidate — rapid alteration,,,
AOI-019,Guwahati,T-21,25,Brahmaputra silt-plume edge,GEE-validated candidate list,26.168,91.678,LocationsandCoordinates.docx,,Guwahati row 21,,,,,HIGH,Saraighat Rail-Road Bridge,Apr,,,GEE_VALIDATED,,,
AOI-019,Guwahati,T-22,25,Deepor Beel shoreline (Wet),GEE-validated candidate list,26.112,91.654,LocationsandCoordinates.docx,,Guwahati row 22,,,,,HIGH,TP-1: National Highway Edge,Nov,,,GEE_VALIDATED,,,
AOI-019,Guwahati,T-23,25,Deepor Beel shoreline (Dry),GEE-validated candidate list,26.112,91.654,LocationsandCoordinates.docx,,Guwahati row 23,,,,,HIGH,TP-1: SAME Shoreline Gauge,Mar,,,GEE_VALIDATED,,,
AOI-019,Guwahati,T-24,25,Fixed sandbar centre (High),GEE-validated candidate list,26.218,91.792,LocationsandCoordinates.docx,,Guwahati row 24,,,,,HIGH,TP-2: New Guwahati River Reach,Sep,,,GEE_VALIDATED,,,
AOI-019,Guwahati,T-25,25,Fixed sandbar centre (Low),GEE-validated candidate list,26.218,91.792,LocationsandCoordinates.docx,,Guwahati row 25,,,,,HIGH,TP-2: SAME River Sand Core,Jan,,,GEE_VALIDATED,,,
AOI-020,Dhubri,T-01,25,Riverfront town/port fabric,GEE-validated candidate list,26.0125,89.974,LocationsandCoordinates.docx,,Dhubri row 1,,,,,HIGH,Old Port / Kachari Road Sector,Nov,,,GEE_VALIDATED,,,
AOI-020,Dhubri,T-02,25,Major channel confluence,GEE-validated candidate list,26.002,89.998,LocationsandCoordinates.docx,,Dhubri row 2,,,,,HIGH,Eastern Gateway Channel Axis,Dec,,,GEE_VALIDATED,,,
AOI-020,Dhubri,T-03,25,Char sand and sparse vegetation,Candidate list,25.981,89.965,LocationsandCoordinates.docx,,Dhubri row 3,,,,,MEDIUM,Mid-Stream Fluvial Shoals,Jan,,,Candidate — dynamic bar,,,
AOI-020,Dhubri,T-04,25,Cultivated char/floodplain field,GEE-validated candidate list,25.912,89.988,LocationsandCoordinates.docx,,Dhubri row 4,,,,,HIGH,South Bank Agro-Grids,Feb,,,GEE_VALIDATED,,,
AOI-020,Dhubri,T-05,25,Tributary/riparian vegetation,GEE-validated candidate list,26.042,89.992,LocationsandCoordinates.docx,,Dhubri row 5,,,,,HIGH,NH-17 Gauripur Bridge,Mar,,,GEE_VALIDATED,,,
AOI-020,Dhubri,T-06,25,Dense low-rise settlement,GEE-validated candidate list,26.021,89.978,LocationsandCoordinates.docx,,Dhubri row 6,,,,,HIGH,Guru Teg Bahadur Road Grid,Apr,,,GEE_VALIDATED,,,
AOI-020,Dhubri,T-07,25,Broad water-sand composition,GEE-validated candidate list,25.992,90.045,LocationsandCoordinates.docx,,Dhubri row 7,,,,,HIGH,Wide Braiding Channel Axis,Oct,,,GEE_VALIDATED,,,
AOI-020,Dhubri,T-08,25,Wet field/pond mosaic,GEE-validated candidate list,26.038,89.965,LocationsandCoordinates.docx,,Dhubri row 8,,,,,HIGH,Jhagrarpar Local Wetland Basin,Nov,,,GEE_VALIDATED,,,
AOI-020,Dhubri,T-09,25,Settlement-water edge,GEE-validated candidate list,26.009,89.952,LocationsandCoordinates.docx,,Dhubri row 9,,,,,HIGH,Western Protection Dyke Reach,Dec,,,GEE_VALIDATED,,,
AOI-020,Dhubri,T-10,25,Veg/sand high-water transition,GEE-validated candidate list,25.945,90.021,LocationsandCoordinates.docx,,Dhubri row 10,,,,,HIGH,Stable Char Flood Mark Strip,Jan,,,GEE_VALIDATED,,,
AOI-020,Dhubri,T-11,25,Brahmaputra mega-channel,GEE-validated candidate list,25.965,89.945,LocationsandCoordinates.docx,,Dhubri row 11,,,,,HIGH,Deep Water Navigation Trench,Feb,,,GEE_VALIDATED,,,
AOI-020,Dhubri,T-12,25,Char settlement cluster,GEE-validated candidate list,25.975,89.982,LocationsandCoordinates.docx,,Dhubri row 12,,,,,HIGH,Persistent Island Settlement,Mar,,,GEE_VALIDATED,,,
AOI-020,Dhubri,T-13,25,Wide sand expanse,GEE-validated candidate list,25.952,89.855,LocationsandCoordinates.docx,,Dhubri row 13,,,,,HIGH,India-Bangladesh Fluvial Margin,Apr,,,GEE_VALIDATED,,,
AOI-020,Dhubri,T-14,25,Embankment/settlement relation,GEE-validated candidate list,26.046,89.972,LocationsandCoordinates.docx,,Dhubri row 14,,,,,HIGH,Matiabagh Palace Foothill Dyke,Oct,,,GEE_VALIDATED,,,
AOI-020,Dhubri,T-15,25,Wet grassland on char,GEE-validated candidate list,26.052,89.892,LocationsandCoordinates.docx,,Dhubri row 15,,,,,HIGH,Reed-Sedge Swamp Patch,Nov,,,GEE_VALIDATED,,,
AOI-020,Dhubri,T-16,25,Town market blocks,GEE-validated candidate list,26.019,89.9715,LocationsandCoordinates.docx,,Dhubri row 16,,,,,HIGH,GTB Road / Court Area,Dec,,,GEE_VALIDATED,,,
AOI-020,Dhubri,T-17,25,Tributary-mouth confluence,GEE-validated candidate list,26.048,90.082,LocationsandCoordinates.docx,,Dhubri row 17,,,,,HIGH,Salkocha Confluence Reach,Jan,,,GEE_VALIDATED,,,
AOI-020,Dhubri,T-18,25,Crop-char vs sand-char edge,GEE-validated candidate list,25.928,89.922,LocationsandCoordinates.docx,,Dhubri row 18,,,,,HIGH,Kalair Alga Core Agro-Grid,Feb,,,GEE_VALIDATED,,,
AOI-020,Dhubri,T-19,25,Monsoon water spread,GEE-validated candidate list,25.932,90.085,LocationsandCoordinates.docx,,Dhubri row 19,,,,,HIGH,QC-GATED — MULTI-TEMP REQ,Sep,,,GEE_VALIDATED,,,
AOI-020,Dhubri,T-20,25,High-water sand mark,GEE-validated candidate list,26.011,90.015,LocationsandCoordinates.docx,,Dhubri row 20,,,,,HIGH,Urban-Fluvial Eastern Fringe,Mar,,,GEE_VALIDATED,,,
AOI-020,Dhubri,T-21,25,Field-pond mosaic stable char,GEE-validated candidate list,25.992,89.915,LocationsandCoordinates.docx,,Dhubri row 21,,,,,HIGH,Inland Tanks / Rural Dwellings,Apr,,,GEE_VALIDATED,,,
AOI-020,Dhubri,T-22,25,Selected char (Post-Monsoon),GEE-validated candidate list,25.955,89.891,LocationsandCoordinates.docx,,Dhubri row 22,,,,,HIGH,TP-1: Patamari Navigation Bar,Nov,,,GEE_VALIDATED,,,
AOI-020,Dhubri,T-23,25,Selected char (Late-Dry),GEE-validated candidate list,25.955,89.891,LocationsandCoordinates.docx,,Dhubri row 23,,,,,HIGH,TP-1: SAME Patamari Core Bar,Apr,,,GEE_VALIDATED,,,
AOI-020,Dhubri,T-24,25,Fixed sandbar (High-Water),GEE-validated candidate list,26.018,90.042,LocationsandCoordinates.docx,,Dhubri row 24,,,,,HIGH,TP-2: Mid-River Flow Divider,Dec,,,GEE_VALIDATED,,,
AOI-020,Dhubri,T-25,25,Fixed sandbar (Low-Water Veg),GEE-validated candidate list,26.018,90.042,LocationsandCoordinates.docx,,Dhubri row 25,,,,,HIGH,TP-2: SAME Mid-River Flow Divider,Mar,,,GEE_VALIDATED,,,
AOI-021,Imphal,T-01,25,Dense urban core,GEE-validated candidate list,24.8055,93.937,LocationsandCoordinates.docx,,Imphal row 1,,,,,HIGH,Kangla Fort Western Gate / Ima Keithel,Nov,,,GEE_VALIDATED,,,
AOI-021,Imphal,T-02,25,Low-rise peri-urban blocks,GEE-validated candidate list,24.842,93.955,LocationsandCoordinates.docx,,Imphal row 2,,,,,HIGH,NH-2 Imphal-Dimapur Road Corridor,Dec,,,GEE_VALIDATED,,,
AOI-021,Imphal,T-03,25,Valley paddy,GEE-validated candidate list,24.821,93.912,LocationsandCoordinates.docx,,Imphal row 3,,,,,HIGH,ICAR Research Complex Outskirts,Jan,,,GEE_VALIDATED,,,
AOI-021,Imphal,T-04,25,Local wetland/pond,GEE-validated candidate list,24.775,93.905,LocationsandCoordinates.docx,,Imphal row 4,,,,,HIGH,Langthabal Foot Zone Drainage,Feb,,,GEE_VALIDATED,,,
AOI-021,Imphal,T-05,25,Hill-foot settlement,GEE-validated candidate list,24.838,93.898,LocationsandCoordinates.docx,,Imphal row 5,,,,,HIGH,Lamphel Sanakeithel Road,Mar,,,GEE_VALIDATED,,,
AOI-021,Imphal,T-06,25,Forest/scrub hill slope,GEE-validated candidate list,24.851,93.882,LocationsandCoordinates.docx,,Imphal row 6,,,,,HIGH,Western Foothill Escarpment Trails,Apr,,,GEE_VALIDATED,,,
AOI-021,Imphal,T-07,25,Harvested/green field contrast,GEE-validated candidate list,24.752,93.885,LocationsandCoordinates.docx,,Imphal row 7,,,,,HIGH,Imphal Airport Southern Perimeter,Oct,,,GEE_VALIDATED,,,
AOI-021,Imphal,T-08,25,Road-market ribbon,GEE-validated candidate list,24.735,93.932,LocationsandCoordinates.docx,,Imphal row 8,,,,,HIGH,NH-102 Indo-Myanmar Highway Reach,Nov,,,GEE_VALIDATED,,,
AOI-021,Imphal,T-09,25,Drainage corridor,GEE-validated candidate list,24.788,93.928,LocationsandCoordinates.docx,,Imphal row 9,,,,,HIGH,Keishamthong Bridge Alignment,Dec,,,GEE_VALIDATED,,,
AOI-021,Imphal,T-10,25,Village-field boundary,GEE-validated candidate list,24.675,93.915,LocationsandCoordinates.docx,,Imphal row 10,,,,,HIGH,Wangoi Central Agricultural Canal,Jan,,,GEE_VALIDATED,,,
AOI-021,Imphal,T-11,25,Dry wetland edge,GEE-validated candidate list,24.825,93.922,LocationsandCoordinates.docx,,Imphal row 11,,,,,HIGH,Shija Hospital Lowland Buffer,Feb,,,GEE_VALIDATED,,,
AOI-021,Imphal,T-12,25,Imphal River channel,GEE-validated candidate list,24.802,93.949,LocationsandCoordinates.docx,,Imphal row 12,,,,,HIGH,Minuthong to Sanjenthong Reach,Mar,,,GEE_VALIDATED,,,
AOI-021,Imphal,T-13,25,Paddy valley-floor mosaic,GEE-validated candidate list,24.872,93.978,LocationsandCoordinates.docx,,Imphal row 13,,,,,HIGH,Pangei Road Agro-Grids,Apr,,,GEE_VALIDATED,,,
AOI-021,Imphal,T-14,25,Hill-ring basin geometry,GEE-validated candidate list,24.815,94.015,LocationsandCoordinates.docx,,Imphal row 14,,,,,HIGH,Nongmaiching Hill Escarpment,Oct,,,GEE_VALIDATED,,,
AOI-021,Imphal,T-15,25,Market-town ribbon,GEE-validated candidate list,24.718,93.832,LocationsandCoordinates.docx,,Imphal row 15,,,,,HIGH,Tiddim Road Linear Trade Zone,Nov,,,GEE_VALIDATED,,,
AOI-021,Imphal,T-16,25,Pond/wetland patch in fields,GEE-validated candidate list,24.615,93.892,LocationsandCoordinates.docx,,Imphal row 16,,,,,HIGH,Loktak Inflow Plain Depressions,Dec,,,GEE_VALIDATED,,,
AOI-021,Imphal,T-17,25,Ridge-scrub slope,GEE-validated candidate list,24.822,93.942,LocationsandCoordinates.docx,,Imphal row 17,,,,,HIGH,Thangmeiband Eco-Park Overlook,Jan,,,GEE_VALIDATED,,,
AOI-021,Imphal,T-18,25,Field-drainage line,GEE-validated candidate list,24.789,93.971,LocationsandCoordinates.docx,,Imphal row 18,,,,,HIGH,Kongba Bazar Agricultural Sluice,Feb,,,GEE_VALIDATED,,,
AOI-021,Imphal,T-19,25,Monsoon valley spread,GEE-validated candidate list,24.862,93.948,LocationsandCoordinates.docx,,Imphal row 19,,,,,HIGH,QC-GATED — EXTENDED BASIN FLOOD,Sep,,,GEE_VALIDATED,,,
AOI-021,Imphal,T-20,25,Loktak approved envelope,GEE-validated candidate list,24.535,93.818,LocationsandCoordinates.docx,,Imphal row 20,,,,,HIGH,EXTENDED ENVELOPE — Moirang Link,Mar,,,GEE_VALIDATED,,,
AOI-021,Imphal,T-21,25,Basin-edge terrace flights,GEE-validated candidate list,24.912,94.082,LocationsandCoordinates.docx,,Imphal row 21,,,,,HIGH,Ukhrul Road Valley-Edge Ecotone,Apr,,,GEE_VALIDATED,,,
AOI-021,Imphal,T-22,25,Fixed paddy block (Green),GEE-validated candidate list,24.746,93.896,LocationsandCoordinates.docx,,Imphal row 22,,,,,HIGH,TP-1: Malom Central Agro-Grid,Jan,,,GEE_VALIDATED,,,
AOI-021,Imphal,T-23,25,Fixed paddy block (Ploughed),GEE-validated candidate list,24.746,93.896,LocationsandCoordinates.docx,,Imphal row 23,,,,,HIGH,TP-1: SAME Malom Agro-Grid,Apr,,,GEE_VALIDATED,,,
AOI-021,Imphal,T-24,25,Fixed wetland edge (Wet),GEE-validated candidate list,24.512,93.924,LocationsandCoordinates.docx,,Imphal row 24,,,,,HIGH,TP-2: Kakching Lower Basin Reach,Feb,,,GEE_VALIDATED,,,
AOI-021,Imphal,T-25,25,Fixed wetland edge (Dry),GEE-validated candidate list,24.512,93.924,LocationsandCoordinates.docx,,Imphal row 25,,,,,HIGH,TP-2: SAME Kakching Basin Reach,Nov,,,GEE_VALIDATED,,,
AOI-022,Shillong,T-01,25,Compact plateau urban fabric,GEE-validated candidate list,25.5755,91.8845,LocationsandCoordinates.docx,,Shillong row 1,,,,,HIGH,Centre Point Junction / GS Road,Nov,,,GEE_VALIDATED,,,
AOI-022,Shillong,T-02,25,Pine/evergreen forest edge,GEE-validated candidate list,25.542,91.855,LocationsandCoordinates.docx,,Shillong row 2,,,,,HIGH,Elephant Falls Reserve Outer Boundary,Dec,,,GEE_VALIDATED,,,
AOI-022,Shillong,T-03,25,Open plateau grassland,GEE-validated candidate list,25.548,91.928,LocationsandCoordinates.docx,,Shillong row 3,,,,,HIGH,Shillong Peak Radar Road Buffer,Jan,,,GEE_VALIDATED,,,
AOI-022,Shillong,T-04,25,Reservoir/drainage corridor,GEE-validated candidate list,25.589,91.895,LocationsandCoordinates.docx,,Shillong row 4,,,,,HIGH,Polo Ground Drainage Alignment,Feb,,,GEE_VALIDATED,,,
AOI-022,Shillong,T-05,25,Slope settlement,GEE-validated candidate list,25.564,91.892,LocationsandCoordinates.docx,,Shillong row 5,,,,,HIGH,Malki Point / Chinapatty Steps,Mar,,,GEE_VALIDATED,,,
AOI-022,Shillong,T-06,25,Visible cultivation/regeneration,GEE-validated candidate list,25.448,91.842,LocationsandCoordinates.docx,,Shillong row 6,,,,,HIGH,Laitlyngkot-Smit Transition Zone,Apr,,,GEE_VALIDATED,,,
AOI-022,Shillong,T-07,25,Road-cut/rock/vegetation slope,GEE-validated candidate list,25.615,91.878,LocationsandCoordinates.docx,,Shillong row 7,,,,,HIGH,NH-6 Mawlai Bypass Cutting,Oct,,,GEE_VALIDATED,,,
AOI-022,Shillong,T-08,25,Urban-forest interface,GEE-validated candidate list,25.551,91.878,LocationsandCoordinates.docx,,Shillong row 8,,,,,HIGH,Lower Lumparing Pine Edge,Nov,,,GEE_VALIDATED,,,
AOI-022,Shillong,T-09,25,Peri-urban field/garden mosaic,GEE-validated candidate list,25.512,91.835,LocationsandCoordinates.docx,,Shillong row 9,,,,,HIGH,Mylliem Bazaar Outskirts,Dec,,,GEE_VALIDATED,,,
AOI-022,Shillong,T-10,25,Cloud-valid green vegetation,GEE-validated candidate list,25.452,91.748,LocationsandCoordinates.docx,,Shillong row 10,,,,,HIGH,Mawphlang Heritage Village Eco-Core,Jan,,,GEE_VALIDATED,,,
AOI-022,Shillong,T-11,25,Town-green valley relation,GEE-validated candidate list,25.554,91.938,LocationsandCoordinates.docx,,Shillong row 11,,,,,HIGH,Assam Rifles Training Centre Complex,Feb,,,GEE_VALIDATED,,,
AOI-022,Shillong,T-12,25,Ridge-top town fabric,GEE-validated candidate list,25.5695,91.899,LocationsandCoordinates.docx,,Shillong row 12,,,,,HIGH,Don Bosco Square / Laitumkhrah Main,Mar,,,GEE_VALIDATED,,,
AOI-022,Shillong,T-13,25,Grassland burn/regrowth mosaic,GEE-validated candidate list,25.295,91.712,LocationsandCoordinates.docx,,Shillong row 13,,,,,HIGH,Mawkdok Dympep Valley View Rim,Apr,,,GEE_VALIDATED,,,
AOI-022,Shillong,T-14,25,Reservoir shoreline,GEE-validated candidate list,25.665,91.892,LocationsandCoordinates.docx,,Shillong row 14,,,,,HIGH,Umiam Water Sports Complex,Oct,,,GEE_VALIDATED,,,
AOI-022,Shillong,T-15,25,Pine-plantation block geometry,GEE-validated candidate list,25.539,91.884,LocationsandCoordinates.docx,,Shillong row 15,,,,,HIGH,Crinoline Falls Upper Catchment,Nov,,,GEE_VALIDATED,,,
AOI-022,Shillong,T-16,25,Steep road-cut slope,GEE-validated candidate list,25.525,92.015,LocationsandCoordinates.docx,,Shillong row 16,,,,,HIGH,NH-6 Mawryngkneng Cutting Sector,Dec,,,GEE_VALIDATED,,,
AOI-022,Shillong,T-17,25,Ravine/gully drainage,GEE-validated candidate list,25.598,91.865,LocationsandCoordinates.docx,,Shillong row 17,,,,,HIGH,Mawlai Mawdatbaki Gorge Floor,Jan,,,GEE_VALIDATED,,,
AOI-022,Shillong,T-18,25,Cloud-valid high plateau lake,GEE-validated candidate list,25.498,91.952,LocationsandCoordinates.docx,,Shillong row 18,,,,,HIGH,Smit Plain Hydrological Depression,Feb,,,GEE_VALIDATED,,,
AOI-022,Shillong,T-19,25,Valley built/natural relation,GEE-validated candidate list,25.561,91.912,LocationsandCoordinates.docx,,Shillong row 19,,,,,HIGH,NEHU Campus Forest Junction,Mar,,,GEE_VALIDATED,,,
AOI-022,Shillong,T-20,25,Monsoon-valid cloud window,GEE-validated candidate list,25.642,91.881,LocationsandCoordinates.docx,,Shillong row 20,,,,,HIGH,QC-GATED — HIGH-ALT WINDOW,Sep,,,GEE_VALIDATED,,,
AOI-022,Shillong,T-21,25,Regenerating clear edge,GEE-validated candidate list,25.581,91.968,LocationsandCoordinates.docx,,Shillong row 21,,,,,HIGH,Mawdiangdiang IT Park Perimeter,Apr,,,GEE_VALIDATED,,,
AOI-022,Shillong,T-22,25,Fixed reservoir edge (Full),GEE-validated candidate list,25.6525,91.874,LocationsandCoordinates.docx,,Shillong row 22,,,,,HIGH,TP-1: Nehru Park Shoreline Sector,Dec,,,GEE_VALIDATED,,,
AOI-022,Shillong,T-23,25,Fixed reservoir edge (Drawdown),GEE-validated candidate list,25.6525,91.874,LocationsandCoordinates.docx,,Shillong row 23,,,,,HIGH,TP-1: SAME Nehru Park Shoreline,Apr,,,GEE_VALIDATED,,,
AOI-022,Shillong,T-24,25,Fixed grassland patch (Regrowth),GEE-validated candidate list,25.508,91.942,LocationsandCoordinates.docx,,Shillong row 24,,,,,HIGH,TP-2: Cultural Ground Bare Hills,Jan,,,GEE_VALIDATED,,,
AOI-022,Shillong,T-25,25,Fixed grassland patch (Mature),GEE-validated candidate list,25.508,91.942,LocationsandCoordinates.docx,,Shillong row 25,,,,,HIGH,TP-2: SAME Cultural Ridge Grass,Mar,,,GEE_VALIDATED,,,
AOI-023,Unakoti,T-01,25,Forested hill/grove texture,GEE-validated candidate list,24.322,92.028,LocationsandCoordinates.docx,,Unakoti row 1,,,,,HIGH,Main Archaeological Site Buffer,Nov,,,GEE_VALIDATED,,,
AOI-023,Unakoti,T-02,25,Stream or drainage in forest,GEE-validated candidate list,24.314,92.034,LocationsandCoordinates.docx,,Unakoti row 2,,,,,HIGH,Unakoti Eco-Trail Stream,Dec,,,GEE_VALIDATED,,,
AOI-023,Unakoti,T-03,25,Kailashahar settlement,GEE-validated candidate list,24.321,92.002,LocationsandCoordinates.docx,,Unakoti row 3,,,,,HIGH,Ramkrishna Shishu Tirtha Perimeter,Jan,,,GEE_VALIDATED,,,
AOI-023,Unakoti,T-04,25,Manu River bank/floodplain,GEE-validated candidate list,24.298,91.988,LocationsandCoordinates.docx,,Unakoti row 4,,,,,HIGH,Kubjhar Village Embankment,Feb,,,GEE_VALIDATED,,,
AOI-023,Unakoti,T-05,25,Hill-foot village/garden mosaic,GEE-validated candidate list,24.331,92.045,LocationsandCoordinates.docx,,Unakoti row 5,,,,,HIGH,Unakoti Hill Entry Road,Mar,,,GEE_VALIDATED,,,
AOI-023,Unakoti,T-06,25,Open cultivated patch in forest,GEE-validated candidate list,24.352,92.062,LocationsandCoordinates.docx,,Unakoti row 6,,,,,HIGH,Jhum Reclamation Monitoring Block,Apr,,,GEE_VALIDATED,,,
AOI-023,Unakoti,T-07,25,Riverbank field/settlement,GEE-validated candidate list,24.341,91.991,LocationsandCoordinates.docx,,Unakoti row 7,,,,,HIGH,Gournagar Block Office Area,Oct,,,GEE_VALIDATED,,,
AOI-023,Unakoti,T-08,25,Forest-rock/clear-land boundary,GEE-validated candidate list,24.325,92.018,LocationsandCoordinates.docx,,Unakoti row 8,,,,,HIGH,Rock Quarry Transition Strip,Nov,,,GEE_VALIDATED,,,
AOI-023,Unakoti,T-09,25,Road through forested hill,GEE-validated candidate list,24.305,92.052,LocationsandCoordinates.docx,,Unakoti row 9,,,,,HIGH,SH-10 Hill Sector Crest Line,Dec,,,GEE_VALIDATED,,,
AOI-023,Unakoti,T-10,25,Pond or seasonal waterbody,GEE-validated candidate list,24.312,91.975,LocationsandCoordinates.docx,,Unakoti row 10,,,,,HIGH,Chhantail Aquaculture Grid,Jan,,,GEE_VALIDATED,,,
AOI-023,Unakoti,T-11,25,Dense tree-canopy/settlement,GEE-validated candidate list,24.288,92.012,LocationsandCoordinates.docx,,Unakoti row 11,,,,,HIGH,South Kailashahar Semi-Urban Fringe,Feb,,,GEE_VALIDATED,,,
AOI-023,Unakoti,T-12,25,Manu-channel/sand edge,GEE-validated candidate list,24.262,91.996,LocationsandCoordinates.docx,,Unakoti row 12,,,,,HIGH,Irrigation Canal Intake Point,Mar,,,GEE_VALIDATED,,,
AOI-023,Unakoti,T-13,25,Kailashahar town blocks,GEE-validated candidate list,24.329,91.9925,LocationsandCoordinates.docx,,Unakoti row 13,,,,,HIGH,PWD Ground / Circuit House Road,Apr,,,GEE_VALIDATED,,,
AOI-023,Unakoti,T-14,25,Manu River braid,GEE-validated candidate list,24.368,91.984,LocationsandCoordinates.docx,,Unakoti row 14,,,,,HIGH,India-Bangladesh Border Bar,Oct,,,GEE_VALIDATED,,,
AOI-023,Unakoti,T-15,25,Forest-grove clearing mosaic,GEE-validated candidate list,24.279,92.048,LocationsandCoordinates.docx,,Unakoti row 15,,,,,HIGH,Rubber Plantation Boundary,Nov,,,GEE_VALIDATED,,,
AOI-023,Unakoti,T-16,25,Stream-order drainage lines,GEE-validated candidate list,24.245,92.112,LocationsandCoordinates.docx,,Unakoti row 16,,,,,HIGH,Headwater Dissection Matrix,Dec,,,GEE_VALIDATED,,,
AOI-023,Unakoti,T-17,25,Hill-foot field mosaic,GEE-validated candidate list,24.268,92.072,LocationsandCoordinates.docx,,Unakoti row 17,,,,,HIGH,Valley-Floor Winter Crops,Jan,,,GEE_VALIDATED,,,
AOI-023,Unakoti,T-18,25,Rock-outcrop/forest boundary,GEE-validated candidate list,24.3235,92.0295,LocationsandCoordinates.docx,,Unakoti row 18,,,,,HIGH,Historic Rock-Cut Monument Face,Feb,,,GEE_VALIDATED,,,
AOI-023,Unakoti,T-19,25,Rural node with ponds,GEE-validated candidate list,24.348,91.968,LocationsandCoordinates.docx,,Unakoti row 19,,,,,HIGH,Irani Bazar Intersection Tanks,Mar,,,GEE_VALIDATED,,,
AOI-023,Unakoti,T-20,25,Road switchback on hill slope,GEE-validated candidate list,24.254,92.095,LocationsandCoordinates.docx,,Unakoti row 20,,,,,HIGH,Ridge-Top Viewpoint Cut,Apr,,,GEE_VALIDATED,,,
AOI-023,Unakoti,T-21,25,Monsoon-valid cloud window,GEE-validated candidate list,24.302,91.985,LocationsandCoordinates.docx,,Unakoti row 21,,,,,HIGH,QC-GATED — DEEP VALLEY CORRIDOR,Sep,,,GEE_VALIDATED,,,
AOI-023,Unakoti,T-22,25,Fixed Manu bank (High-Water),GEE-validated candidate list,24.335,91.989,LocationsandCoordinates.docx,,Unakoti row 22,,,,,HIGH,TP-1: Bridge Column Footing,Nov,,,GEE_VALIDATED,,,
AOI-023,Unakoti,T-23,25,Fixed Manu bank (Low-Water),GEE-validated candidate list,24.335,91.989,LocationsandCoordinates.docx,,Unakoti row 23,,,,,HIGH,TP-1: SAME Bridge Column Footing,Mar,,,GEE_VALIDATED,,,
AOI-023,Unakoti,T-24,25,Fixed forest edge (Cleared),GEE-validated candidate list,24.292,92.068,LocationsandCoordinates.docx,,Unakoti row 24,,,,,HIGH,TP-2: Jhum Rotation Target 42,Dec,,,GEE_VALIDATED,,,
AOI-023,Unakoti,T-25,25,Fixed forest edge (Regrown),GEE-validated candidate list,24.292,92.068,LocationsandCoordinates.docx,,Unakoti row 25,,,,,HIGH,TP-2: SAME Jhum Target Plot 42,Feb,,,GEE_VALIDATED,,,
AOI-024,Indore,T-01,25,Dense core fabric,GEE-validated candidate list,22.7195,75.8535,LocationsandCoordinates.docx,,Indore row 1,,,,,HIGH,Rajwada Palace / Mahatma Gandhi Road,Oct,,,GEE_VALIDATED,,,
AOI-024,Indore,T-02,25,Khan/Saraswati river corridor,GEE-validated candidate list,22.716,75.858,LocationsandCoordinates.docx,,Indore row 2,,,,,HIGH,Krishnapura Chhatris Riverfront,Nov,,,GEE_VALIDATED,,,
AOI-024,Indore,T-03,25,Malwa field mosaic,GEE-validated candidate list,22.724,75.928,LocationsandCoordinates.docx,,Indore row 3,,,,,HIGH,Bypass Road Agro-Interface,Dec,,,GEE_VALIDATED,,,
AOI-024,Indore,T-04,25,Denuded hill/scrub patch,GEE-validated candidate list,22.658,75.905,LocationsandCoordinates.docx,,Indore row 4,,,,,HIGH,Ralamandal Wildlife Sanctuary Border,Jan,,,GEE_VALIDATED,,,
AOI-024,Indore,T-05,25,Peri-urban expansion,GEE-validated candidate list,22.762,75.892,LocationsandCoordinates.docx,,Indore row 5,,,,,HIGH,AB Road Corridor Expansion,Feb,,,GEE_VALIDATED,,,
AOI-024,Indore,T-06,25,Industrial Pithampur precinct,GEE-validated candidate list,22.615,75.685,LocationsandCoordinates.docx,,Indore row 6,,,,,HIGH,Eicher Motors / Main Industrial Highway,Mar,,,GEE_VALIDATED,,,
AOI-024,Indore,T-07,25,Tank/lake shoreline,GEE-validated candidate list,22.711,75.812,LocationsandCoordinates.docx,,Indore row 7,,,,,HIGH,Sirpur Bird Sanctuary Wetland Edge,Apr,,,GEE_VALIDATED,,,
AOI-024,Indore,T-08,25,Dry scrub slope,GEE-validated candidate list,22.721,75.801,LocationsandCoordinates.docx,,Indore row 8,,,,,HIGH,Bijasan Mata Temple Escarpment,May,,,GEE_VALIDATED,,,
AOI-024,Indore,T-09,25,Post-monsoon green,GEE-validated candidate list,22.738,75.902,LocationsandCoordinates.docx,,Indore row 9,,,,,HIGH,Khajrana Ganesh Temple Outskirts,Oct,,,GEE_VALIDATED,,,
AOI-024,Indore,T-10,25,Rail-road node,GEE-validated candidate list,22.749,75.867,LocationsandCoordinates.docx,,Indore row 10,,,,,HIGH,Indore Junction Outer Yard / WRS,Nov,,,GEE_VALIDATED,,,
AOI-024,Indore,T-11,25,Village-field mosaic,GEE-validated candidate list,22.812,75.908,LocationsandCoordinates.docx,,Indore row 11,,,,,HIGH,Dewas-Indore Highway Agro-Grids,Dec,,,GEE_VALIDATED,,,
AOI-024,Indore,T-12,25,Built-water relation,GEE-validated candidate list,22.678,75.865,LocationsandCoordinates.docx,,Indore row 12,,,,,HIGH,Khandwa Road Residential Fringe,Jan,,,GEE_VALIDATED,,,
AOI-024,Indore,T-13,25,Dense core grid,GEE-validated candidate list,22.714,75.871,LocationsandCoordinates.docx,,Indore row 13,,,,,HIGH,Indore Central Railway Station Area,Feb,,,GEE_VALIDATED,,,
AOI-024,Indore,T-14,25,River corridor,GEE-validated candidate list,22.775,75.862,LocationsandCoordinates.docx,,Indore row 14,,,,,HIGH,Sanwer Road Industrial Inflow,Mar,,,GEE_VALIDATED,,,
AOI-024,Indore,T-15,25,Wheat-soybean rotation state,GEE-validated candidate list,22.745,75.652,LocationsandCoordinates.docx,,Indore row 15,,,,,HIGH,Dhar-Indore Road Agricultural Basin,Apr,,,GEE_VALIDATED,,,
AOI-024,Indore,T-16,25,Hill/scrub fragment,GEE-validated candidate list,22.684,75.932,LocationsandCoordinates.docx,,Indore row 16,,,,,HIGH,Ahilya Bai Holkar Trench Cut Slope,May,,,GEE_VALIDATED,,,
AOI-024,Indore,T-17,25,Peri-urban expansion edge,GEE-validated candidate list,22.778,75.922,LocationsandCoordinates.docx,,Indore row 17,,,,,HIGH,MR-10 Crossing Development Ring,Oct,,,GEE_VALIDATED,,,
AOI-024,Indore,T-18,25,Industrial estate geometry,GEE-validated candidate list,22.764,75.845,LocationsandCoordinates.docx,,Indore row 18,,,,,HIGH,Metal-Textile Factory Layout Lines,Nov,,,GEE_VALIDATED,,,
AOI-024,Indore,T-19,25,Tank margin,GEE-validated candidate list,22.735,75.712,LocationsandCoordinates.docx,,Indore row 19,,,,,HIGH,Gambhir River Dam Inflow Delta,Dec,,,GEE_VALIDATED,,,
AOI-024,Indore,T-20,25,Dry open land,GEE-validated candidate list,22.795,75.735,LocationsandCoordinates.docx,,Indore row 20,,,,,HIGH,Aerodrome Outer Perimeter Fallow,Jan,,,GEE_VALIDATED,,,
AOI-024,Indore,T-21,25,Monsoon green flush,GEE-validated candidate list,22.628,75.882,LocationsandCoordinates.docx,,Indore row 21,,,,,HIGH,QC-GATED — HIGH-BIOMASS TIMING,Sep,,,GEE_VALIDATED,,,
AOI-024,Indore,T-22,25,Fixed field mosaic (Green),GEE-validated candidate list,22.688,75.892,LocationsandCoordinates.docx,,Indore row 22,,,,,HIGH,TP-1: Rabi Irrigation Peak,Dec,,,GEE_VALIDATED,,,
AOI-024,Indore,T-23,25,Fixed field mosaic (Stubble),GEE-validated candidate list,22.688,75.892,LocationsandCoordinates.docx,,Indore row 23,,,,,HIGH,TP-1: SAME Palom Agro-Grid,Mar,,,GEE_VALIDATED,,,
AOI-024,Indore,T-24,25,Fixed river corridor (Flowing),GEE-validated candidate list,22.761,75.864,LocationsandCoordinates.docx,,Indore row 24,,,,,HIGH,TP-2: Sewerage Treatment Outfall,Nov,,,GEE_VALIDATED,,,
AOI-024,Indore,T-25,25,Fixed river corridor (Dry-bed),GEE-validated candidate list,22.761,75.864,LocationsandCoordinates.docx,,Indore row 25,,,,,HIGH,TP-2: SAME Kabit Khedi Channel Axis,Apr,,,GEE_VALIDATED,,,
AOI-025,Surat,T-01,25,Dense residential/commercial blocks Old Surat Fort / Chowk Bazar,Candidate landmark / temporal-pair sample,21.198,72.815,Sample_condensed.pdf,,Dataset 1 row 1,,,,,Medium,"Medium High building density, narrow road grids typical of urban cores.",November,,,Medium,,,
AOI-025,Surat,T-02,25,Textile/industrial or port-service texture Pandesara GIDC Estate,Candidate landmark / temporal-pair sample,21.1547,72.8264,Sample_condensed.pdf,,Dataset 1 row 2,,,,,Medium,Medium Industrial rooftops and high-density manufacturing textures.,December,,,Medium,,,
AOI-025,Surat,T-03,25,Tapi River corridor Singanpor Weir-cum-Causeway,Candidate landmark / temporal-pair sample,21.2185,72.828,Sample_condensed.pdf,,Dataset 1 row 3,,,,,Medium,Medium Open river channel flanked by active urban embankments.,January,,,Medium,,,
AOI-025,Surat,T-04,25,Alluvial floodplain/field mosaic Bharthana Village Fields,Candidate landmark / temporal-pair sample,21.235,72.875,Sample_condensed.pdf,,Dataset 1 row 4,,,,,Medium,Medium Active mosaic of rectangular crop parcels on the outer banks.,February,,,Medium,,,
AOI-025,Surat,T-05,25,Tidal/mudflat pattern inside declared coastal envelope Dumas Coastal Creks,Candidate landmark / temporal-pair sample,21.095,72.712,Sample_condensed.pdf,,Dataset 1 row 5,,,,,Medium,Medium High-salinity dendritic tidal drainage channel textures.,March,,,Medium,,,
AOI-025,Surat,T-06,25,Peri-urban expansion Dindoli Housing Extensions,Candidate landmark / temporal-pair sample,21.162,72.895,Sample_condensed.pdf,,Dataset 1 row 6,,,,,Medium,Medium Transitional land clearing mixed with new layout blocks.,April,,,Medium,,,
AOI-025,Surat,T-07,25,Irrigated green field Kamrej Agricultural Flats,Candidate landmark / temporal-pair sample,21.258,72.93,Sample_condensed.pdf,,Dataset 1 row 7,,,,,Medium,Medium Post-monsoon high vegetation index (NDVI) cropland.,October,,,Medium,,,
AOI-025,Surat,T-08,25,Drainage/settlement interface Bhestan Drainage Canal,Candidate landmark / temporal-pair sample,21.141,72.81,Sample_condensed.pdf,,Dataset 1 row 8,,,,,Medium,Medium Linear drainage canal adjacent to high-density housing.,November,,,Medium,,,
AOI-025,Surat,T-09,25,River-industry relation Hazira Industrial Corridor,Candidate landmark / temporal-pair sample,21.115,72.685,Sample_condensed.pdf,,Dataset 1 row 9,,,,,Medium,Medium Heavy manufacturing assets adjacent to deep water access.,December,,,Medium,,,
AOI-025,Surat,T-10,25,City-field boundary Kosad-Sayan Interface,Candidate landmark / temporal-pair sample,21.222,72.892,Sample_condensed.pdf,,Dataset 1 row 10,,,,,Medium,Medium Abrupt termination of built-up infrastructure into fields.,January,,,Medium,,,
AOI-025,Surat,T-11,25,Water/vegetated bank contrast Rander Tapi Embankment,Candidate landmark / temporal-pair sample,21.205,72.785,Sample_condensed.pdf,,Dataset 1 row 11,,,,,Medium,Medium Deep river channel juxtaposed against active riparian vegetation.,February,,,Medium,,,
AOI-025,Surat,T-12,25,Old-city fabric Bhagal / Gopipura District,Candidate landmark / temporal-pair sample,21.192,72.831,Sample_condensed.pdf,,Dataset 1 row 12,,,,,Medium,"Medium Organic, highly convoluted urban road networks.",March,,,Medium,,,
AOI-025,Surat,T-13,25,Hazira industrial-port precinct Adani Hazira Port Terminal,Candidate landmark / temporal-pair sample,21.0833,72.6333,Sample_condensed.pdf,,Dataset 1 row 13,,,,,Medium,Medium Distinct deep-water berths and cargo stacking areas.,April,,,Medium,,,
AOI-025,Surat,T-14,25,Tapi meander Amroli River Loop,Candidate landmark / temporal-pair sample,21.242,72.852,Sample_condensed.pdf,,Dataset 1 row 14,,,,,Medium,Medium Severe curvature point along the lower Tapi channel.,October,,,Medium,,,
AOI-025,Surat,T-15,25,Floodplain paddy mosaic Sayan Southern Floodplains,Candidate landmark / temporal-pair sample,21.265,72.86,Sample_condensed.pdf,,Dataset 1 row 15,,,,,Medium,"Medium Low-lying, waterlogged crop configurations post-harvest.",November,,,Medium,,,
AOI-025,Surat,T-16,25,Tidal mudflat/creek Olpad Coastal Margins,Candidate landmark / temporal-pair sample,21.135,72.612,Sample_condensed.pdf,,Dataset 1 row 16,,,,,Medium,Medium Intertidal flats characterized by heavy sedimentation dynamics.,December,,,Medium,,,
AOI-025,Surat,T-17,25,Peri-urban ribbon Sachin Highway Corridor,Candidate landmark / temporal-pair sample,21.128,72.915,Sample_condensed.pdf,,Dataset 1 row 17,,,,,Medium,Medium Linear development patterns tracing major arterial transit routes.,January,,,Medium,,,
AOI-025,Surat,T-18,25,Irrigated green block Kathor North Agricultural Zone,Candidate landmark / temporal-pair sample,21.285,72.955,Sample_condensed.pdf,,Dataset 1 row 18,,,,,Medium,"Medium Consolidated, highly uniform crop signatures under canal irrigation.",February,,,Medium,,,
AOI-025,Surat,T-19,25,Drainage/settlement interface Udhna Canal Intersections,Candidate landmark / temporal-pair sample,21.185,72.865,Sample_condensed.pdf,,Dataset 1 row 19,,,,,Medium,Medium Industrial and domestic water run-off channels hitting margins.,March,,,Medium,,,
AOI-025,Surat,T-20,25,Monsoon swollen-channel state Magdalla Lower Tapi Reach,Candidate landmark / temporal-pair sample,21.175,72.755,Sample_condensed.pdf,,Dataset 1 row 20,,,,,Medium,Medium Maximized water footprint covering sandbars completely.,September,,,Medium,,,
AOI-025,Surat,T-21,25,City-field boundary Althan-Bhimrad Boundary,Candidate landmark / temporal-pair sample,21.155,72.765,Sample_condensed.pdf,,Dataset 1 row 21,,,,,Medium,Medium Sharp transition from upscale residential high-rises to raw fields.,April,,,Medium,,,
AOI-025,Surat,T-22,25,TP-1: Fixed Tapi bank (High-water) Fixed: Rander River Promenade,Candidate landmark / temporal-pair sample,21.2012,72.8025,Sample_condensed.pdf,,Dataset 1 row 22,,,,,High,High Permanent concrete embankment used for tracking dynamic stages.,Jan 2023,,,High,,,
AOI-025,Surat,T-23,25,TP-1: Fixed Tapi bank (Low-water) Fixed: Rander River Promenade,Candidate landmark / temporal-pair sample,21.2012,72.8025,Sample_condensed.pdf,,Dataset 1 row 23,,,,,High,High Identical location showing exposed sandbars during dry periods.,Apr 2024,,,High,,,
AOI-025,Surat,T-24,25,TP-2: Fixed mudflat edge (Inundated) Fixed: Suvali Coastal Fringe,Candidate landmark / temporal-pair sample,21.072,72.658,Sample_condensed.pdf,,Dataset 1 row 24,,,,,High,High Intertidal monitoring site for verifying high-tide footprint.,Mar 2025,,,High,,,
AOI-025,Surat,T-25,25,TP-2: Fixed mudflat edge (Exposed) Fixed: Suvali Coastal Fringe,Candidate landmark / temporal-pair sample,21.072,72.658,Sample_condensed.pdf,,Dataset 1 row 25,,,,,High,High Identical point capturing mud cracks and dry sediment states. Location = nearest landmark (source: rows 1–21 all read “Cannot be uniquely determined from description (Candidate A)”). Rows 22–25 = temporal-pair (TP) samples at a shared fixed location (blue rows). Condensed from Sample.pdf Page 2 of 12,Nov 2020,,,High,,,
AOI-026,Mumbai,T-01,25,Very dense roof-road texture. Dharavi · nr. Mahim Junction Railway Station,Candidate landmark / temporal-pair sample,19.038,72.853,Sample_condensed.pdf,,Dataset 2 row 1,,,,,Medium,"Medium Extremely high building-to-void ratio, organic layout, micro-roof textures.",November,,,Medium,,,
AOI-026,Mumbai,T-02,25,Port/industrial waterfront. Sewri · nr. Sewri Fort / Timber Pond,Candidate landmark / temporal-pair sample,19.002,72.861,Sample_condensed.pdf,,Dataset 2 row 2,,,,,Medium,"Medium Marine repair structures, jetties, industrial warehouses along the shoreline.",December,,,Medium,,,
AOI-026,Mumbai,T-03,25,Mangrove-creek pattern. Gorai · nr. Essel World Creek Edge,Candidate landmark / temporal-pair sample,19.231,72.815,Sample_condensed.pdf,,Dataset 2 row 3,,,,,Medium,Medium High-density halophytic canopy dissected by meandering tidal gullies.,January,,,Medium,,,
AOI-026,Mumbai,T-04,25,Mithi River / urban drainage corridor. BKC · nr. Bandra-Kurla Complex Bridge,Candidate landmark / temporal-pair sample,19.062,72.871,Sample_condensed.pdf,,Dataset 2 row 4,,,,,Medium,"Medium Deep channelization, severe urban runoff interface, narrow riparian zone.",February,,,Medium,,,
AOI-026,Mumbai,T-05,25,Reclaimed coast / mudflat. Backbay · nr. Nariman Point Promenade,Candidate landmark / temporal-pair sample,18.915,72.812,Sample_condensed.pdf,,Dataset 2 row 5,,,,,Medium,Medium Artificially geometric seawalls meeting intertidal sedimentary zones.,March,,,Medium,,,
AOI-026,Mumbai,T-06,25,Dense/green open-space edge. IIT-B · nr. Powai Lake East Margins,Candidate landmark / temporal-pair sample,19.132,72.915,Sample_condensed.pdf,,Dataset 2 row 6,,,,,Medium,Medium Abrupt transition between dense university institutional greening and roads.,April,,,Medium,,,
AOI-026,Mumbai,T-07,25,Island/coastal water edge. Elephanta · nr. Raj Bandar Jetty,Candidate landmark / temporal-pair sample,18.961,72.932,Sample_condensed.pdf,,Dataset 2 row 7,,,,,Medium,"Medium Hard rock-water boundary, distinct island periphery signature.",November,,,Medium,,,
AOI-026,Mumbai,T-08,25,Transport-warehouse fabric. Bhiwandi · nr. Kalyan-Bhiwandi Road Junction,Candidate landmark / temporal-pair sample,19.268,73.045,Sample_condensed.pdf,,Dataset 2 row 8,,,,,Medium,"Medium Massive long-span industrial warehouse roofing, wide truck container lanes.",December,,,Medium,,,
AOI-026,Mumbai,T-09,25,Creek-mangrove / urban boundary. Vikhroli · nr. Godrej Mangrove Reserve West,Candidate landmark / temporal-pair sample,19.105,72.942,Sample_condensed.pdf,,Dataset 2 row 9,,,,,Medium,Medium Linear grid of urban residential blocks sharply hitting a dense mangrove wall.,January,,,Medium,,,
AOI-026,Mumbai,T-10,25,Built-coast / water relation. Worli · nr. Worli Sea Face Promenade,Candidate landmark / temporal-pair sample,19.022,72.818,Sample_condensed.pdf,,Dataset 2 row 10,,,,,Medium,Medium High-rise concrete structures running parallel to the Arabian Sea coastline.,February,,,Medium,,,
AOI-026,Mumbai,T-11,25,Island-dense roof texture. Madh · nr. Madh Fort / Fishing Village,Candidate landmark / temporal-pair sample,19.135,72.795,Sample_condensed.pdf,,Dataset 2 row 11,,,,,Medium,"Medium Insular rural-urban cluster of small, corrugated metal and tiled roofs.",March,,,Medium,,,
AOI-026,Mumbai,T-12,25,Dock/port waterfront. MbPT · nr. Indira Dock Basins,Candidate landmark / temporal-pair sample,18.952,72.855,Sample_condensed.pdf,,Dataset 2 row 12,,,,,Medium,"Medium Engineered rectangular wet docks, locks, and deep cargo ships.",April,,,Medium,,,
AOI-026,Mumbai,T-13,25,Mangrove-creek network. Thane · nr. Airoli Bridge North Mudflats,Candidate landmark / temporal-pair sample,19.158,72.985,Sample_condensed.pdf,,Dataset 2 row 13,,,,,Medium,"Medium Broad, highly dendritic tidal creek network with extensive mangrove buffers.",October,,,Medium,,,
AOI-026,Mumbai,T-14,25,Mithi River corridor. Kalina · nr. Kurla-Kalina Link Road Crossing,Candidate landmark / temporal-pair sample,19.074,72.866,Sample_condensed.pdf,,Dataset 2 row 14,,,,,Medium,Medium Central section of river flanked by dense commercial settlements and slums.,November,,,Medium,,,
AOI-026,Mumbai,T-15,25,Reclaimed coast. Cuffe Pde · nr. Badhwar Park Complex,Candidate landmark / temporal-pair sample,18.912,72.805,Sample_condensed.pdf,,Dataset 2 row 15,,,,,Medium,Medium Artificially straightened rocky edge indicating geometric sea land-fill.,December,,,Medium,,,
AOI-026,Mumbai,T-16,25,National-park green edge. Borivali · nr. SGNP Main Entrance Corridor,Candidate landmark / temporal-pair sample,19.228,72.865,Sample_condensed.pdf,,Dataset 2 row 16,,,,,Medium,"Medium Massive, dense tropical forest canopy confronting high-density sub-city roads.",January,,,Medium,,,
AOI-026,Mumbai,T-17,25,Coastal water / bay. Mahim · nr. Bandra Worli Sea Link Middle,Candidate landmark / temporal-pair sample,19.035,72.825,Sample_condensed.pdf,,Dataset 2 row 17,,,,,Medium,"Medium Wide, low-turbidity open ocean bay signature within deep coastal indentation.",February,,,Medium,,,
AOI-026,Mumbai,T-18,25,Transport-warehouse fabric. Taloja · nr. Taloja MIDC Industrial Phase 1,Candidate landmark / temporal-pair sample,19.068,73.125,Sample_condensed.pdf,,Dataset 2 row 18,,,,,Medium,Medium Large footprint storage centers aligned with rail sidings and bypass roads.,March,,,Medium,,,
AOI-026,Mumbai,T-19,25,Monsoon cloud-window [QC invalid — insufficient visible imagery] N/A N/A Low — Heavy cloud cover during the tail end of the Southwest Monsoon.,Candidate landmark / temporal-pair sample,,,Sample_condensed.pdf,,Dataset 2 row 19,,,,,Low,Monsoon cloud-window [QC invalid — insufficient visible imagery] N/A N/A Heavy cloud cover during the tail end of the Southwest Monsoon.,September,,,QC invalid,,,Coordinate unavailable / QC note in source
AOI-026,Mumbai,T-20,25,Dense/green edge. Mulund · nr. Vasant Oscar Residential Edge,Candidate landmark / temporal-pair sample,19.175,72.948,Sample_condensed.pdf,,Dataset 2 row 20,,,,,Medium,Medium Linear interface of residential high-rises looking directly onto park slopes.,October,,,Medium,,,
AOI-026,Mumbai,T-21,25,Creek-network geometry. Panvel · nr. Belapur CBD Creek Channel,Candidate landmark / temporal-pair sample,18.995,73.008,Sample_condensed.pdf,,Dataset 2 row 21,,,,,Medium,"Medium Angular, structurally restricted tidal channels feeding industrial margins.",November,,,Medium,,,
AOI-026,Mumbai,T-22,25,TP-1: Mangrove creek (Post-monsoon) Fixed: Thane Creek · nr. Bhandup Pumping Station Pier,Candidate landmark / temporal-pair sample,19.1355,72.9912,Sample_condensed.pdf,,Dataset 2 row 22,,,,,High,High Fixed point showing high vegetation vigor and wet soils post-rain.,Nov 2023,,,High,,,
AOI-026,Mumbai,T-23,25,TP-1: Mangrove creek (Dry season) Fixed: Thane Creek · nr. Bhandup Pumping Station Pier,Candidate landmark / temporal-pair sample,19.1355,72.9912,Sample_condensed.pdf,,Dataset 2 row 23,,,,,High,High Identical coordinate showcasing dry salt-crusts on the mud margins.,Mar 2024,,,High,,,
AOI-026,Mumbai,T-24,25,TP-2: Reclaimed edge (Exposed) Fixed: JNPT Edge · nr. Nhava Sheva Terminal 4 Margin,Candidate landmark / temporal-pair sample,18.9488,72.9433,Sample_condensed.pdf,,Dataset 2 row 24,,,,,High,"High Fixed point showing clear, bare soil/rock base during construction phase.",Feb 2025,,,High,,,
AOI-026,Mumbai,T-25,25,TP-2: Reclaimed edge (Vegetated) Fixed: JNPT Edge · nr. Nhava Sheva Terminal 4 Margin,Candidate landmark / temporal-pair sample,18.9488,72.9433,Sample_condensed.pdf,,Dataset 2 row 25,,,,,High,"High Identical coordinate showing pioneer halophytic shrubs before clearing. Location = Candidate A landmark, with the source’s “nearest landmark” after “nr.” (source: “Cannot be uniquely determined”). #19 has no valid coordinates (QC invalid). Rows 22–25 = temporal-pair (TP) samples at a shared fixed location (blue rows). Condensed from Sample.pdf Page 3 of 12",Dec 2020,,,High,,,
AOI-027,Nagpur,T-01,25,Itwari,Candidate landmark / temporal-pair sample,21.1545,79.1082,Sample_condensed.pdf,,Dataset 3 row 1,,,,,Medium,"Medium High rooftop density, narrow organic street network of the old city fabric.",Dense urban core,,,Medium,,,
AOI-027,Nagpur,T-02,25,Futala,Candidate landmark / temporal-pair sample,21.154,79.042,Sample_condensed.pdf,,Dataset 3 row 2,,,,,Medium,Medium Open interior surface water reservoir within the western municipal limits.,Tank/lake,,,Medium,,,
AOI-027,Nagpur,T-03,25,Parsodi,Candidate landmark / temporal-pair sample,21.215,79.005,Sample_condensed.pdf,,Dataset 3 row 3,,,,,Medium,Medium Distinct checkerboard patterns of small agricultural crop plots on outskirts.,Peri-urban field mosaic,,,Medium,,,
AOI-027,Nagpur,T-04,25,Gorewada,Candidate landmark / temporal-pair sample,21.198,79.025,Sample_condensed.pdf,,Dataset 3 row 4,,,,,Medium,Medium Remnant patches of dry-deciduous canopy flanking protected bio-zones.,Woodland fragment,,,Medium,,,
AOI-027,Nagpur,T-05,25,Kalmeshwar,Candidate landmark / temporal-pair sample,21.232,78.925,Sample_condensed.pdf,,Dataset 3 row 5,,,,,Medium,"Medium Exposed fields showing rich, low-albedo Deccan trap basaltic regolith.",Black-soil field pattern,,,Medium,,,
AOI-027,Nagpur,T-06,25,Khapri,Candidate landmark / temporal-pair sample,21.056,79.062,Sample_condensed.pdf,,Dataset 3 row 6,,,,,Medium,Medium High bare-soil reflectance signature with sparse uncultivated scrub cover.,Dry open land,,,Medium,,,
AOI-027,Nagpur,T-07,25,Butibori,Candidate landmark / temporal-pair sample,20.931,79.015,Sample_condensed.pdf,,Dataset 3 row 7,,,,,Medium,Medium Large commercial industrial structures adjacent to multi-lane highway grids.,Industrial/transport edge,,,Medium,,,
AOI-027,Nagpur,T-08,25,Kamptee,Candidate landmark / temporal-pair sample,21.228,79.195,Sample_condensed.pdf,,Dataset 3 row 8,,,,,Medium,Medium Peak post-monsoon NDVI vegetation bloom over active river basins.,Post-monsoon green crop,,,Medium,,,
AOI-027,Nagpur,T-09,25,Gandhisagar,Candidate landmark / temporal-pair sample,21.1442,79.0965,Sample_condensed.pdf,,Dataset 3 row 9,,,,,Medium,Medium High-density urban built structures directly meeting a defined lake concrete edge.,Urban-water interface,,,Medium,,,
AOI-027,Nagpur,T-10,25,Hudkeshwar,Candidate landmark / temporal-pair sample,21.095,79.132,Sample_condensed.pdf,,Dataset 3 row 10,,,,,Medium,Medium Sharp developmental limit where dense neighborhood grids block into open farming fields.,Settlement-field boundary,,,Medium,,,
AOI-027,Nagpur,T-11,25,Hingna,Candidate landmark / temporal-pair sample,21.098,78.962,Sample_condensed.pdf,,Dataset 3 row 11,,,,,Medium,Medium Adjacent parcels highlighting high-contrast bare soil versus irrigated rabi crops.,Harvested/green contrast,,,Medium,,,
AOI-027,Nagpur,T-12,25,Sitabuldi,Candidate landmark / temporal-pair sample,21.1465,79.0805,Sample_condensed.pdf,,Dataset 3 row 12,,,,,Medium,Medium Structured rectangular transit networks intersecting central commercial districts.,City grid/transport fabric,,,Medium,,,
AOI-027,Nagpur,T-13,25,Ambazari,Candidate landmark / temporal-pair sample,21.129,79.025,Sample_condensed.pdf,,Dataset 3 row 13,,,,,Medium,Medium Wide shoreline margin subject to notable dry-season drawdown dynamics.,Tank shoreline,,,Medium,,,
AOI-027,Nagpur,T-14,25,Wadi,Candidate landmark / temporal-pair sample,21.165,78.985,Sample_condensed.pdf,,Dataset 3 row 14,,,,,Medium,Medium Interlocking complex of field shapes containing diverse multi-crop operations.,Mixed field mosaic,,,Medium,,,
AOI-027,Nagpur,T-15,25,Seminary Hls,Candidate landmark / temporal-pair sample,21.1685,79.064,Sample_condensed.pdf,,Dataset 3 row 15,,,,,Medium,Medium Large structural forest canopy within urban limits showing dry season leaf-drop.,Dry-deciduous woodland,,,Medium,,,
AOI-027,Nagpur,T-16,25,Kuhi,Candidate landmark / temporal-pair sample,21.062,79.315,Sample_condensed.pdf,,Dataset 3 row 16,,,,,Medium,Medium Extensive deep-black soil expanse showcasing cotton/soybean cultivation signatures.,Black-soil field pattern,,,Medium,,,
AOI-027,Nagpur,T-17,25,MIHAN SEZ,Candidate landmark / temporal-pair sample,21.0625,79.0335,Sample_condensed.pdf,,Dataset 3 row 17,,,,,Medium,Medium Huge specialized commercial aerospace/tech structures inside the SEZ development zone.,Industrial MIHAN precinct,,,Medium,,,
AOI-027,Nagpur,T-18,25,Katol Rd,Candidate landmark / temporal-pair sample,21.212,79.012,Sample_condensed.pdf,,Dataset 3 row 18,,,,,Medium,Medium Active winter cropping blocks with strong infrared reflectance signals.,Post-monsoon green crop,,,Medium,,,
AOI-027,Nagpur,T-19,25,Fetari Hills,Candidate landmark / temporal-pair sample,21.201,78.972,Sample_condensed.pdf,,Dataset 3 row 19,,,,,Medium,"Medium Flat-topped basaltic mesas displaying mixed rocky steps, soils, and scrub pasture.",Low-hill plateau mosaic,,,Medium,,,
AOI-027,Nagpur,T-20,25,Umred Road Corridor [QC-gated],Candidate landmark / temporal-pair sample,21.055,79.185,Sample_condensed.pdf,,Dataset 3 row 20,,,,,Medium,Medium QC-gated: Cloud-free window capturing extensive maximum vegetative growth.,Monsoon green flush,,,Medium,,,
AOI-027,Nagpur,T-21,25,Nari Village,Candidate landmark / temporal-pair sample,21.198,79.115,Sample_condensed.pdf,,Dataset 3 row 21,,,,,Medium,"Medium The abrupt, stark peripheral boundary line where northern city expansion meets farms.",Settlement-field boundary,,,Medium,,,
AOI-027,Nagpur,T-22,25,Fixed: Ambazari Lake Bed,Candidate landmark / temporal-pair sample,21.1275,79.0312,Sample_condensed.pdf,,Dataset 3 row 22,,,,,High,High Fixed shoreline coordinate reflecting peak post-monsoon storage level.,TP-1: Tank edge (Full),,,High,,,
AOI-027,Nagpur,T-23,25,Fixed: Ambazari Lake Bed,Candidate landmark / temporal-pair sample,21.1275,79.0312,Sample_condensed.pdf,,Dataset 3 row 23,,,,,High,High Identical monitoring coordinate showcasing drawn-down exposed shoreline soils.,TP-1: Tank edge (Dry),,,High,,,
AOI-027,Nagpur,T-24,25,Fixed: Umred Basin Block,Candidate landmark / temporal-pair sample,20.945,79.282,Sample_condensed.pdf,,Dataset 3 row 24,,,,,High,High Fixed parcel capturing high canopy closure during prime vegetative growth.,TP-2: Fixed crop (Green),,,High,,,
AOI-027,Nagpur,T-25,25,Fixed: Umred Basin Block,Candidate landmark / temporal-pair sample,20.945,79.282,Sample_condensed.pdf,,Dataset 3 row 25,,,,,High,"High Identical boundary coordinates showing clean, harvested bare soil background. Location = Candidate A landmark (source: “Cannot be uniquely determined”). The source’s “Google Maps Search Term” column is empty. Rows 22–25 = temporal-pair (TP) samples at a shared fixed location (blue rows). Condensed from Sample.pdf Page 4 of 12",TP-2: Fixed crop (Bare),,,High,,,
AOI-028,Bengaluru,T-01,25,Outer Ring Rd,Candidate landmark / temporal-pair sample,12.9252,77.6798,Sample_condensed.pdf,,Dataset 4 row 1,,,,,Medium,"Medium Dense footprint of large IT business towers, multi-lane highways, and commercial roofs.",Dense core/technology corridor,,,Medium,,,
AOI-028,Bengaluru,T-02,25,Whitefield East,Candidate landmark / temporal-pair sample,12.9915,77.7812,Sample_condensed.pdf,,Dataset 4 row 2,,,,,Medium,Medium Peripheral grid of low-rise brick/concrete residential plotting and housing layouts.,Low-rise expansion,,,Medium,,,
AOI-028,Bengaluru,T-03,25,Ulsoor Lake,Candidate landmark / temporal-pair sample,12.9812,77.6185,Sample_condensed.pdf,,Dataset 4 row 3,,,,,Medium,Medium Clear line of an engineered urban concrete lake bund/embankment facing open water.,Lake/tank + embankment,,,Medium,,,
AOI-028,Bengaluru,T-04,25,Bellandur West,Candidate landmark / temporal-pair sample,12.9348,77.6521,Sample_condensed.pdf,,Dataset 4 row 4,,,,,Medium,Medium Transition from water to dense marshland macrophytes and emergent wetland vegetation.,Lake-edge vegetation/wetland,,,Medium,,,
AOI-028,Bengaluru,T-05,25,Bettahalasur,Candidate landmark / temporal-pair sample,13.1614,77.6255,Sample_condensed.pdf,,Dataset 4 row 5,,,,,Medium,Medium Exposed granite terrain with open scrub transitions and historical stone-cutting textures.,Granite/scrub/quarry texture,,,Medium,,,
AOI-028,Bengaluru,T-06,25,Lalbagh Botanical,Candidate landmark / temporal-pair sample,12.9504,77.5851,Sample_condensed.pdf,,Dataset 4 row 6,,,,,Medium,"Medium Dense botanical layout, high tree canopy closure, and mixed horticultural flora mosaic.",Garden/horticulture mosaic,,,Medium,,,
AOI-028,Bengaluru,T-07,25,Nelamangala Rd,Candidate landmark / temporal-pair sample,13.0645,77.4285,Sample_condensed.pdf,,Dataset 4 row 7,,,,,Medium,Medium Industrial warehouse layouts with long-span metal roofs aligned along transport routes.,Ring-road / warehouse pattern,,,Medium,,,
AOI-028,Bengaluru,T-08,25,Varthur East,Candidate landmark / temporal-pair sample,12.9412,77.7554,Sample_condensed.pdf,,Dataset 4 row 8,,,,,Medium,Medium Exposed high-albedo clay lake margins running adjacent to remaining low-water pool.,Dry lake-margin / water relation,,,Medium,,,
AOI-028,Bengaluru,T-09,25,Sankey Tank,Candidate landmark / temporal-pair sample,13.0112,77.5746,Sample_condensed.pdf,,Dataset 4 row 9,,,,,Medium,Medium High-density urban residential blocks terminating directly onto a concrete lake shoreline.,Built-lake interface,,,Medium,,,
AOI-028,Bengaluru,T-10,25,Devanahalli Outer,Candidate landmark / temporal-pair sample,13.2384,77.7215,Sample_condensed.pdf,,Dataset 4 row 10,,,,,Medium,Medium Organic rural home structures abutting small-holder agricultural grid lines.,Village-field transition,,,Medium,,,
AOI-028,Bengaluru,T-11,25,Heskargatta Bed,Candidate landmark / temporal-pair sample,13.1554,77.4912,Sample_condensed.pdf,,Dataset 4 row 11,,,,,Medium,Medium Active seasonal wetland vegetation covering the natural stream paths feeding the basin.,Tank catchment green state,,,Medium,,,
AOI-028,Bengaluru,T-12,25,Chickpet,Candidate landmark / temporal-pair sample,12.9698,77.5752,Sample_condensed.pdf,,Dataset 4 row 12,,,,,Medium,Medium Traditional high-density urban core fabric with an interlocking narrow street grid network.,Dense core grid,,,Medium,,,
AOI-028,Bengaluru,T-13,25,Madiwala Shore,Candidate landmark / temporal-pair sample,12.9184,77.6189,Sample_condensed.pdf,,Dataset 4 row 13,,,,,Medium,Medium Linear interface showing natural shoreline boundary limits and clear water-land margin.,Lake/tank shoreline,,,Medium,,,
AOI-028,Bengaluru,T-14,25,Agara Wetland,Candidate landmark / temporal-pair sample,12.9234,77.6432,Sample_condensed.pdf,,Dataset 4 row 14,,,,,Medium,Medium Dense cluster of semi-aquatic reeds and marsh plants bridging dry land and open water.,Lake wetland edge,,,Medium,,,
AOI-028,Bengaluru,T-15,25,Turahalli Park,Candidate landmark / temporal-pair sample,12.8751,77.5214,Sample_condensed.pdf,,Dataset 4 row 15,,,,,Medium,Medium Exposed granite boulders and mixed scrub forest canopy on a steep natural slope.,Granite outcrop/scrub,,,Medium,,,
AOI-028,Bengaluru,T-16,25,Yelahanka North,Candidate landmark / temporal-pair sample,13.1345,77.5984,Sample_condensed.pdf,,Dataset 4 row 16,,,,,Medium,"Medium Regular array of tree crop plantations, commercial nurseries, and open dirt rows.",Horticulture mosaic,,,Medium,,,
AOI-028,Bengaluru,T-17,25,Hosur Highway,Candidate landmark / temporal-pair sample,12.8124,77.6952,Sample_condensed.pdf,,Dataset 4 row 17,,,,,Medium,Medium Major logistical arterial roadway supporting large logistics terminal structures.,Ring-road / warehouse corridor,,,Medium,,,
AOI-028,Bengaluru,T-18,25,Hebbal Margins,Candidate landmark / temporal-pair sample,13.0384,77.5921,Sample_condensed.pdf,,Dataset 4 row 18,,,,,Medium,Medium Seasonal bare soil strip marking the perimeter of drawn-down surface waters.,Dry lake-margin,,,Medium,,,
AOI-028,Bengaluru,T-19,25,Bannerghatta Rd,Candidate landmark / temporal-pair sample,12.7845,77.5584,Sample_condensed.pdf,,Dataset 4 row 19,,,,,Medium,Medium Massive artificial cuts into dark basement granite bedrock with white mineral refuse piles.,Quarry / exposed rock,,,Medium,,,
AOI-028,Bengaluru,T-20,25,GKVK Campus,Candidate landmark / temporal-pair sample,13.0784,77.5815,Sample_condensed.pdf,,Dataset 4 row 20,,,,,Medium,Medium Peak vegetative activity across experimental cropping fields and open research parklands.,Post-monsoon green,,,Medium,,,
AOI-028,Bengaluru,T-21,25,Sarjapura Outer,Candidate landmark / temporal-pair sample,12.8642,77.7951,Sample_condensed.pdf,,Dataset 4 row 21,,,,,Medium,Medium Border between core settlement housing structures and multi-crop seasonal fields.,Village-field transition,,,Medium,,,
AOI-028,Bengaluru,T-22,25,Fixed: Kaikondrahalli Lake Shore,Candidate landmark / temporal-pair sample,12.9124,77.6745,Sample_condensed.pdf,,Dataset 4 row 22,,,,,High,High Fixed coordinate tracking full/high-water baseline conditions.,TP-1: Fixed lake edge (Full),,,High,,,
AOI-028,Bengaluru,T-23,25,Fixed: Kaikondrahalli Lake Shore,Candidate landmark / temporal-pair sample,12.9124,77.6745,Sample_condensed.pdf,,Dataset 4 row 23,,,,,High,High Identical location; Historical condition requires manual verification for exact draw-down boundary.,TP-1: Fixed lake edge (Dry),,,High,,,
AOI-028,Bengaluru,T-24,25,Fixed: Jakkur Catchment Basin,Candidate landmark / temporal-pair sample,13.0815,77.6124,Sample_condensed.pdf,,Dataset 4 row 24,,,,,High,High Fixed point tracking maximum chlorophyll response inside the drainage basin.,TP-2: Fixed catchment (Green),,,High,,,
AOI-028,Bengaluru,T-25,25,Fixed: Jakkur Catchment Basin,Candidate landmark / temporal-pair sample,13.0815,77.6124,Sample_condensed.pdf,,Dataset 4 row 25,,,,,High,High Identical location; Historical condition requires manual verification for bare background state. Location = Candidate A landmark (source: “Cannot be uniquely determined”). The source’s “Google Maps Search Term” column is empty. Rows 22–25 = temporal-pair (TP) samples at a shared fixed location (blue rows). Condensed from Sample.pdf Page 5 of 12,TP-2: Fixed catchment (Dry),,,High,,,
AOI-029,Hyderabad,T-01,25,Koti,Candidate landmark / temporal-pair sample,17.3854,78.4832,Sample_condensed.pdf,,Dataset 5 row 1,,,,,Medium,Medium Traditional high-density commercial core with interlocking street networks and crossroads.,City/transport grid,,,Medium,,,
AOI-029,Hyderabad,T-02,25,Moula Ali,Candidate landmark / temporal-pair sample,17.472,78.5615,Sample_condensed.pdf,,Dataset 5 row 2,,,,,Medium,"Medium Organic residential low-rise settlement wrapping around steep, exposed massive granite boulders.",Granite/low-rise,,,Medium,,,
AOI-029,Hyderabad,T-03,25,Saroornagar,Candidate landmark / temporal-pair sample,17.3592,78.531,Sample_condensed.pdf,,Dataset 5 row 3,,,,,Medium,Medium Distinct boundary transition from open municipal water body into concrete walkway margins.,Tank shoreline,,,Medium,,,
AOI-029,Hyderabad,T-04,25,Amberpet Reach,Candidate landmark / temporal-pair sample,17.3882,78.5175,Sample_condensed.pdf,,Dataset 5 row 4,,,,,Medium,"Medium River channel corridor exhibiting central low flows, sand bars, and dense weed growth margins.",Musi/drainage corridor,,,Medium,,,
AOI-029,Hyderabad,T-05,25,Shamirpet Hills,Candidate landmark / temporal-pair sample,17.6215,78.5724,Sample_condensed.pdf,,Dataset 5 row 5,,,,,Medium,"Medium Exposed semi-arid granitic plateau dominated by thorn scrub, outcropping, and bare gravel soils.",Dry rocky scrub,,,Medium,,,
AOI-029,Hyderabad,T-06,25,Medchal Rural,Candidate landmark / temporal-pair sample,17.6432,78.4912,Sample_condensed.pdf,,Dataset 5 row 6,,,,,Medium,"Medium Landscape showing an interlocking network of crop parcels, open red soils, and highway sprawl.",Peri-urban field mosaic,,,Medium,,,
AOI-029,Hyderabad,T-07,25,Jeedimetla,Candidate landmark / temporal-pair sample,17.5184,78.4512,Sample_condensed.pdf,,Dataset 5 row 7,,,,,Medium,Medium Large industrial facility grid containing vast tin roofing structures and deep vehicle lanes.,Industrial/warehouse fringe,,,Medium,,,
AOI-029,Hyderabad,T-08,25,Khajaguda,Candidate landmark / temporal-pair sample,17.4115,78.3542,Sample_condensed.pdf,,Dataset 5 row 8,,,,,Medium,Medium Sharp interface between upscale high-rise urban clusters and rugged heritage granite boulders.,Rock-urban interface,,,Medium,,,
AOI-029,Hyderabad,T-09,25,Hussain Sagar,Candidate landmark / temporal-pair sample,17.423,78.4715,Sample_condensed.pdf,,Dataset 5 row 9,,,,,Medium,Medium Major structural city reservoir retaining wall directly abutting complex multi-lane transport routes.,Water/built relation,,,Medium,,,
AOI-029,Hyderabad,T-10,25,ICRISAT Margin,Candidate landmark / temporal-pair sample,17.5184,78.2715,Sample_condensed.pdf,,Dataset 5 row 10,,,,,Medium,Medium High contrast boundary between intense institutional irrigated crop research arrays and dry land.,Green/dry land contrast,,,Medium,,,
AOI-029,Hyderabad,T-11,25,ORR Ghatkesar,Candidate landmark / temporal-pair sample,17.4385,78.6924,Sample_condensed.pdf,,Dataset 5 row 11,,,,,Medium,Medium Outer Ring Road corridor converting open crop parcels into industrial logistics plots.,Road-field expansion edge,,,Medium,,,
AOI-029,Hyderabad,T-12,25,Gandipet Rock,Candidate landmark / temporal-pair sample,17.3812,78.3114,Sample_condensed.pdf,,Dataset 5 row 12,,,,,Medium,Medium Rugged cluster of scattered basement boulders intermixed with seasonal grasses and low scrub.,Granite/vegetation mosaic,,,Medium,,,
AOI-029,Hyderabad,T-13,25,Secunderabad,Candidate landmark / temporal-pair sample,17.4415,78.4984,Sample_condensed.pdf,,Dataset 5 row 13,,,,,Medium,Medium Highly rectilinear commercial block networks serving intensive multi-modal transport hubs.,City/transport grid,,,Medium,,,
AOI-029,Hyderabad,T-14,25,Vani Nagar,Candidate landmark / temporal-pair sample,17.4815,78.5412,Sample_condensed.pdf,,Dataset 5 row 14,,,,,Medium,Medium Scattered granitic structural masses intermixed tightly within residential single-family housing.,Granite/low-rise mosaic,,,Medium,,,
AOI-029,Hyderabad,T-15,25,Safilguda,Candidate landmark / temporal-pair sample,17.4642,78.532,Sample_condensed.pdf,,Dataset 5 row 15,,,,,Medium,Medium Engineered urban park pathway boundary separating open water from surrounding streets.,Tank shore,,,Medium,,,
AOI-029,Hyderabad,T-16,25,Nagole Bridge,Candidate landmark / temporal-pair sample,17.3815,78.5684,Sample_condensed.pdf,,Dataset 5 row 16,,,,,Medium,Medium Lower urban reach of the water system flanked by dense residential zones and concrete bridges.,Musi corridor,,,Medium,,,
AOI-029,Hyderabad,T-17,25,Dundigal Out,Candidate landmark / temporal-pair sample,17.5951,78.4124,Sample_condensed.pdf,,Dataset 5 row 17,,,,,Medium,Medium Uncultivated open field matrix on high-albedo soil containing granite rock fragments.,Dry rocky scrub,,,Medium,,,
AOI-029,Hyderabad,T-18,25,Hayathnagar,Candidate landmark / temporal-pair sample,17.3184,78.6251,Sample_condensed.pdf,,Dataset 5 row 18,,,,,Medium,Medium Small-scale agricultural vegetable fields shifting toward active highway ribbon expansion.,Peri-urban field mosaic,,,Medium,,,
AOI-029,Hyderabad,T-19,25,Pashamylaram,Candidate landmark / temporal-pair sample,17.5214,78.1952,Sample_condensed.pdf,,Dataset 5 row 19,,,,,Medium,Medium Outer industrial corridor showcasing massive factory plots mixed with dry pasture fringes.,Industrial fringe,,,Medium,,,
AOI-029,Hyderabad,T-20,25,Borabanda,Candidate landmark / temporal-pair sample,17.4521,78.4084,Sample_condensed.pdf,,Dataset 5 row 20,,,,,Medium,Medium High-density urban informal settlement patterns scaling rugged crystalline rock steps.,Rock-urban interface,,,Medium,,,
AOI-029,Hyderabad,T-21,25,PJTSAU Campus,Candidate landmark / temporal-pair sample,17.3195,78.4125,Sample_condensed.pdf,,Dataset 5 row 21,,,,,Medium,Medium Peak chlorophyll response over extensive research agro-forestry and institutional blocks.,Post-monsoon green,,,Medium,,,
AOI-029,Hyderabad,T-22,25,Fixed: Osman Sagar Margins,Candidate landmark / temporal-pair sample,17.3845,78.2912,Sample_condensed.pdf,,Dataset 5 row 22,,,,,High,High Fixed shoreline coordinate tracking high-water mark; Historical condition requires manual verification.,TP-1: Tank edge (Full),,,High,,,
AOI-029,Hyderabad,T-23,25,Fixed: Osman Sagar Margins,Candidate landmark / temporal-pair sample,17.3845,78.2912,Sample_condensed.pdf,,Dataset 5 row 23,,,,,High,High Identical location; Historical condition requires manual verification for exact draw-down boundary.,TP-1: Tank edge (Dry),,,High,,,
AOI-029,Hyderabad,T-24,25,Fixed: Attapur Musi Edge,Candidate landmark / temporal-pair sample,17.3712,78.4345,Sample_condensed.pdf,,Dataset 5 row 24,,,,,High,High Fixed river bank coordinate monitoring riparian vigor; Historical condition requires manual verification.,TP-2: Musi bank (Green),,,High,,,
AOI-029,Hyderabad,T-25,25,Fixed: Attapur Musi Edge,Candidate landmark / temporal-pair sample,17.3712,78.4345,Sample_condensed.pdf,,Dataset 5 row 25,,,,,High,High Identical location; Historical condition requires manual verification for dry gravel bed baseline. Location = Candidate A landmark (source: “Cannot be uniquely determined”). The source’s “Google Maps Search Term” column is empty. Rows 22–25 = temporal-pair (TP) samples at a shared fixed location (blue rows). Condensed from Sample.pdf Page 6 of 12,TP-2: Musi bank (Dry),,,High,,,
AOI-030,Chennai,T-01,25,Dense core George Town Blocks,Candidate landmark / temporal-pair sample,13.0945,80.2825,Sample_condensed.pdf,,Dataset 6 row 1,,,,,High,Valid High Hyper-dense historic built fabric; narrow rectilinear streets with highly compacted commercial structures.,Jan,,,High,,,
AOI-030,Chennai,T-02,25,Coast/harbour texture Chennai Port Dock 2,Candidate landmark / temporal-pair sample,13.0912,80.2984,Sample_condensed.pdf,,Dataset 6 row 2,,,,,High,"Valid High Sharp spectral features of deep concrete berths, linear breakwaters, heavy vessels, and open marine water.",Feb,,,High,,,
AOI-030,Chennai,T-03,25,Adyar/Cooum channel Cooum River Loop,Candidate landmark / temporal-pair sample,13.0724,80.2592,Sample_condensed.pdf,,Dataset 6 row 3,,,,,High,Valid High Highly distinct sinuous urban river channel flanked by concrete flood embankments and high-density buildings.,Mar,,,High,,,
AOI-030,Chennai,T-04,25,Marsh/open-water edge Pallikaranai Core East,Candidate landmark / temporal-pair sample,12.9465,80.2212,Sample_condensed.pdf,,Dataset 6 row 4,,,,,High,Valid High Natural low-lying boundary transition mapping emergent aquatic vegetation directly into open shallow pools.,Apr,,,High,,,
AOI-030,Chennai,T-05,25,Wetland/IT-corridor interface Perungudi Elcot Boundary,Candidate landmark / temporal-pair sample,12.9642,80.2454,Sample_condensed.pdf,,Dataset 6 row 5,,,,,High,Valid High Severe land-use boundary matching massive high-albedo commercial glass plate roofs against wetland soils.,May,,,High,,,
AOI-030,Chennai,T-06,25,Peri-urban field/pond Sholavaram Fringe,Candidate landmark / temporal-pair sample,13.2315,80.1485,Sample_condensed.pdf,,Dataset 6 row 6,,,,,Medium,Not valid — manual review required Medium Dry seasonal baseline; fields are post-harvest bare soil matrices with evaporated pond margins in June.,June,,,QC invalid,,,
AOI-030,Chennai,T-07,25,Dry coastal scrub/sand Muttukadu Dune Fringe,Candidate landmark / temporal-pair sample,12.8124,80.2465,Sample_condensed.pdf,,Dataset 6 row 7,,,,,High,"Valid High Highly reflective coarse marine sands intermixed with sparse, highly xerophytic coastal thorn scrub canopy.",July,,,High,,,
AOI-030,Chennai,T-08,25,Dense drainage/settlement Buckingham Canal Central,Candidate landmark / temporal-pair sample,13.0284,80.2512,Sample_condensed.pdf,,Dataset 6 row 8,,,,,High,Valid High Man-made linear drainage canal tightly compressed on both structural flanks by continuous low-rise masonry.,Jan,,,High,,,
AOI-030,Chennai,T-09,25,Tank/reservoir margin Puzhal Lake East Wall,Candidate landmark / temporal-pair sample,13.1492,80.1824,Sample_condensed.pdf,,Dataset 6 row 9,,,,,High,Valid High Distinct structural boundary where stone-riprap earthen bund locks structural reservoir water bodies.,Feb,,,High,,,
AOI-030,Chennai,T-10,25,Coast/built boundary Marina Beach Urban Edge,Candidate landmark / temporal-pair sample,13.0515,80.2785,Sample_condensed.pdf,,Dataset 6 row 10,,,,,High,Valid High Planar transition from deep beach sands over major asphalt transit corridors into multi-story masonry block fronts.,Mar,,,High,,,
AOI-030,Chennai,T-11,25,NE monsoon floodspread Maduravoyal Lowlands,Candidate landmark / temporal-pair sample,13.0645,80.1624,Sample_condensed.pdf,,Dataset 6 row 11,,,,,High,Valid High Captures heavy storm overflow inundation footprint where temporary sheets of shallow water submerge empty land.,Nov,,,High,,,
AOI-030,Chennai,T-12,25,Dense core fabric Triplicane Grid,Candidate landmark / temporal-pair sample,13.0562,80.2694,Sample_condensed.pdf,,Dataset 6 row 12,,,,,High,Valid High Secondary distinct dense urban sample cluster displaying packed low-rise rooftops and minor transit corridors.,Dec,,,High,,,
AOI-030,Chennai,T-13,25,Harbour/port texture Ennore Coal Terminal,Candidate landmark / temporal-pair sample,13.2534,80.3345,Sample_condensed.pdf,,Dataset 6 row 13,,,,,High,"Valid High Heavy industrial maritime structures containing dry-bulk conveyor frameworks, breakwaters, and deep channels.",Jan,,,High,,,
AOI-030,Chennai,T-14,25,Adyar/Cooum channel Adyar Kotturpuram Bend,Candidate landmark / temporal-pair sample,13.0225,80.2392,Sample_condensed.pdf,,Dataset 6 row 14,,,,,High,Valid High Low-reach estuarine signature showing broad flat tidal channel margins flanked by dense green urban parks.,Feb,,,High,,,
AOI-030,Chennai,T-15,25,Marsh edge Perumbakkam Marsh Link,Candidate landmark / temporal-pair sample,12.8984,80.2152,Sample_condensed.pdf,,Dataset 6 row 15,,,,,High,Valid High Dynamic shallow wetland edge tracking high-chlorophyll seasonal reeds against red peri-urban clay parcels.,Mar,,,High,,,
AOI-030,Chennai,T-16,25,IT-corridor/wetland Sholinganallur Marsh Edge,Candidate landmark / temporal-pair sample,12.9052,80.2314,Sample_condensed.pdf,,Dataset 6 row 16,,,,,High,Valid High Distinct interface mapping structural concrete tech complexes against unmanaged hydric soil depressions.,Apr,,,High,,,
AOI-030,Chennai,T-17,25,Peri-urban pond mosaic Ponneri Rural Ponds,Candidate landmark / temporal-pair sample,13.3124,80.1984,Sample_condensed.pdf,,Dataset 6 row 17,,,,,High,Valid High Matrix of small excavated community village ponds intermixed with orchard canopy and fallow plots.,May,,,High,,,
AOI-030,Chennai,T-18,25,Dry coastal scrub Kovalam Dunes,Candidate landmark / temporal-pair sample,12.7915,80.2524,Sample_condensed.pdf,,Dataset 6 row 18,,,,,High,Valid High Coastal plain exhibiting highly reflective dry sands backing natural stands of low tropical scrub.,July,,,High,,,
AOI-030,Chennai,T-19,25,Tank margin Porur Lake West Margin,Candidate landmark / temporal-pair sample,13.0312,80.1495,Sample_condensed.pdf,,Dataset 6 row 19,,,,,High,Valid High Captures standard early northeast-monsoon collection phase boundary separating water from earthen banks.,Oct,,,High,,,
AOI-030,Chennai,T-20,25,Coast/built boundary Tiruvottiyur Coast Road,Candidate landmark / temporal-pair sample,13.1645,80.3082,Sample_condensed.pdf,,Dataset 6 row 20,,,,,Medium,Not valid — manual review required Medium Severe ocean storm action; high turbidity water and spray compromise clear structural land boundaries.,Nov,,,QC invalid,,,
AOI-030,Chennai,T-21,25,Drainage/settlement Otteri Nullah Reach,Candidate landmark / temporal-pair sample,13.0954,80.2485,Sample_condensed.pdf,,Dataset 6 row 21,,,,,High,Valid High Confined urban storm channel winding heavily through dense multi-story mixed residential quarters.,Dec,,,High,,,
AOI-030,Chennai,T-22,25,TP-1: Marsh (Wet state) Fixed: Pallikaranai Central Segment,Candidate landmark / temporal-pair sample,12.9284,80.2245,Sample_condensed.pdf,,Dataset 6 row 22,,,,,High,Valid High Highly continuous saturated vegetative sheet and open water; Historical condition requires manual verification.,Jan 2023,,,High,,,
AOI-030,Chennai,T-23,25,TP-1: Marsh (Dry state) Fixed: Pallikaranai Central Segment,Candidate landmark / temporal-pair sample,12.9284,80.2245,Sample_condensed.pdf,,Dataset 6 row 23,,,,,High,Valid High Identical location; Historical condition requires manual verification for cracked clay/dry vegetation trace.,Apr 2024,,,High,,,
AOI-030,Chennai,T-24,25,TP-2: Tank margin (Full) Fixed: Chembarambakkam Lake Inflow,Candidate landmark / temporal-pair sample,13.0112,80.0645,Sample_condensed.pdf,,Dataset 6 row 24,,,,,High,Valid High High structural reservoir volume matching full spillway margins; Historical condition requires manual verification.,Feb 2025,,,High,,,
AOI-030,Chennai,T-25,25,TP-2: Tank margin (Dry) Fixed: Chembarambakkam Lake Inflow,Candidate landmark / temporal-pair sample,13.0112,80.0645,Sample_condensed.pdf,,Dataset 6 row 25,,,,,High,Valid High Identical location; Historical condition requires manual verification for exposed sandy reservoir floor. Location = candidate landmark (source: “Cannot be uniquely determined”). The source’s “Google Maps Search Term” column is empty. Rows 22–25 = temporal-pair (TP) samples at a shared fixed location (blue rows). Condensed from Sample.pdf Page 7 of 12,May 2020,,,High,,,
AOI-031,Kochi,T-01,25,Dense waterfront/port Willingdon Island Wharf,Candidate landmark / temporal-pair sample,9.9642,76.2615,Sample_condensed.pdf,,Dataset 7 row 1,,,,,High,"Valid High Sharp spectral signatures of heavy berth infrastructure, gantry cranes, rail terminals, and deep shipping channels.",Dec,,,High,,,
AOI-031,Kochi,T-02,25,Backwater/estuarine Mattancherry Channel,Candidate landmark / temporal-pair sample,9.9515,76.2562,Sample_condensed.pdf,,Dataset 7 row 2,,,,,High,Valid High Deep open estuarine channel exhibiting high-volume tidal flushing and regular commercial transit signatures.,Jan,,,High,,,
AOI-031,Kochi,T-03,25,Coconut/settlement Vypin Central Interior,Candidate landmark / temporal-pair sample,10.0124,76.2235,Sample_condensed.pdf,,Dataset 7 row 3,,,,,High,Valid High High spatial heterogeneity canopy mixing deep-green coconut palms with high-albedo residential rooftops.,Feb,,,High,,,
AOI-031,Kochi,T-04,25,Mangrove/canal edge Mangalavanam Sanctuary Edge,Candidate landmark / temporal-pair sample,9.9882,76.2714,Sample_condensed.pdf,,Dataset 7 row 4,,,,,High,"Valid High Abrupt boundary mapping dense, closed-canopy tidal mangrove forest directly into a low-velocity urban canal.",Mar,,,High,,,
AOI-031,Kochi,T-05,25,Paddy/polder/backwater Ezhikkara Polder Margin,Candidate landmark / temporal-pair sample,10.1345,76.2312,Sample_condensed.pdf,,Dataset 7 row 5,,,,,High,Valid High Low-lying wetland boundary tracking structural earthen dikes/bunds that isolate sub-sea-level fields from open waters.,Apr,,,High,,,
AOI-031,Kochi,T-06,25,Island/bridge/water Goshree Bridge 1 Anchor,Candidate landmark / temporal-pair sample,9.9832,76.2624,Sample_condensed.pdf,,Dataset 7 row 6,,,,,High,Valid High Structural transport infrastructure interface linking high-density urban land to water over open channels.,May,,,High,,,
AOI-031,Kochi,T-07,25,Peri-urban garden Kumbalangi Village Interior,Candidate landmark / temporal-pair sample,9.8924,76.2845,Sample_condensed.pdf,,Dataset 7 row 7,,,,,High,"Valid High Dynamic multi-tier agroforestry landscape blending mixed homestead crops, small ponds, and low-density housing.",Dec,,,High,,,
AOI-031,Kochi,T-08,25,Tidal creek/harbour Vallarpadam Creek Fork,Candidate landmark / temporal-pair sample,10.0045,76.2512,Sample_condensed.pdf,,Dataset 7 row 8,,,,,High,Valid High Branching water body signature tracking natural tidal inlets weaving between heavy logistics developments.,Jan,,,High,,,
AOI-031,Kochi,T-09,25,Built/backwater boundary Thevara Waterfront Edge,Candidate landmark / temporal-pair sample,9.9325,76.2942,Sample_condensed.pdf,,Dataset 7 row 9,,,,,High,Valid High Planar transition where high-rise vertical masonry structures terminate directly at concrete retaining sea-walls.,Feb,,,High,,,
AOI-031,Kochi,T-10,25,Wetland/field relation Kadamakkudy Marsh Margin,Candidate landmark / temporal-pair sample,10.0562,76.2685,Sample_condensed.pdf,,Dataset 7 row 10,,,,,High,Valid High Transitional agricultural footprint mapping seasonal aquaculture/paddy rotations against unmanaged marsh.,Mar,,,High,,,
AOI-031,Kochi,T-11,25,Waterfront/port fabric Kalamassery Container Road,Candidate landmark / temporal-pair sample,10.0384,76.2915,Sample_condensed.pdf,,Dataset 7 row 11,,,,,High,Valid High Linear asphalt expressway corridor tightly flanked by coastal reclamation zones and brackish channels.,Apr,,,High,,,
AOI-031,Kochi,T-12,25,Backwater expanse Varapuzha Lake Center,Candidate landmark / temporal-pair sample,10.0615,76.2542,Sample_condensed.pdf,,Dataset 7 row 12,,,,,High,"Valid High Broad, open estuarine water body free of narrow bank constraints, optimizing clean surface water reflection signatures.",May,,,High,,,
AOI-031,Kochi,T-13,25,Coconut/settlement Chellanam Coastal Strip,Candidate landmark / temporal-pair sample,9.8312,76.2765,Sample_condensed.pdf,,Dataset 7 row 13,,,,,High,Valid High Linear coastal sand spit network exhibiting dense mixed palm canopies surrounding tight fishing settlements.,Oct,,,High,,,
AOI-031,Kochi,T-14,25,Mangrove canal Nettoor Tidal Channel,Candidate landmark / temporal-pair sample,9.9245,76.3112,Sample_condensed.pdf,,Dataset 7 row 14,,,,,High,Valid High High-chlorophyll brackish water channel bound strictly on both banks by localized mangrove fringes.,Nov,,,High,,,
AOI-031,Kochi,T-15,25,Paddy/polder interface Mulavukad North Fields,Candidate landmark / temporal-pair sample,10.0212,76.2734,Sample_condensed.pdf,,Dataset 7 row 15,,,,,High,Valid High Classic structural backwater polder system tracking flat alluvial field textures behind tidal protective dikes.,Dec,,,High,,,
AOI-031,Kochi,T-16,25,Island/bridge relation Venduruthy Bridge Span,Candidate landmark / temporal-pair sample,9.9485,76.2721,Sample_condensed.pdf,,Dataset 7 row 16,,,,,High,Valid High Composite transport signature tracing concrete highway spans directly over open navigation channel waters.,Jan,,,High,,,
AOI-031,Kochi,T-17,25,Tidal creek network Panangad Creek Dendritic,Candidate landmark / temporal-pair sample,9.9054,76.3245,Sample_condensed.pdf,,Dataset 7 row 17,,,,,High,Valid High Highly complex dendritic drainage network exhibiting classic low-lying deltaic channel splitting.,Feb,,,High,,,
AOI-031,Kochi,T-18,25,Harbour channel Cochin Harbour Mouth,Candidate landmark / temporal-pair sample,9.9684,76.2412,Sample_condensed.pdf,,Dataset 7 row 18,,,,,High,"Valid High Critical deep-water entrance channel separating Fort Kochi from Vypin, tracking open ocean-to-estuary mixing.",Mar,,,High,,,
AOI-031,Kochi,T-19,25,Monsoon cloud-window Ernakulam Central Hub,Candidate landmark / temporal-pair sample,9.9782,76.2842,Sample_condensed.pdf,,Dataset 7 row 19,,,,,Low,Not valid — manual review required Low Persistent active Southwest Monsoon; extreme cloud cover and moisture mask clear structural surface classification.,Sept,,,QC invalid,,,
AOI-031,Kochi,T-20,25,Peri-urban garden Maradu Southern Fringe,Candidate landmark / temporal-pair sample,9.9165,76.3182,Sample_condensed.pdf,,Dataset 7 row 20,,,,,High,Valid High Mixed canopy signature blending residential mango/palm plantations with transitional suburban plots.,Oct,,,High,,,
AOI-031,Kochi,T-21,25,Estuarine water/sediment Aroor Bridge Estuary,Candidate landmark / temporal-pair sample,9.8812,76.3045,Sample_condensed.pdf,,Dataset 7 row 21,,,,,High,"Valid High Captures heavy post-monsoon river runoff, maximizing visual turbid water plumes and silt boundary visibility.",Nov,,,High,,,
AOI-031,Kochi,T-22,25,TP-1: Marsh (Wet footprint) Fixed: Chilavannoor Wetland Segment,Candidate landmark / temporal-pair sample,9.9432,76.3084,Sample_condensed.pdf,,Dataset 7 row 22,,,,,High,Valid High Continuous saturated hydric footprint and open water channels; Historical condition requires manual verification.,Dec 2023,,,High,,,
AOI-031,Kochi,T-23,25,TP-1: Marsh (Salinity contrast) Fixed: Chilavannoor Wetland Segment,Candidate landmark / temporal-pair sample,9.9432,76.3084,Sample_condensed.pdf,,Dataset 7 row 23,,,,,High,Valid High Identical location; Historical condition requires manual verification for dry mud exposure/visual seasonal contrast.,Apr 2024,,,High,,,
AOI-031,Kochi,T-24,25,TP-2: Mangrove (Dense canopy) Fixed: Puthuvype Mangrove Patch,Candidate landmark / temporal-pair sample,9.9945,76.2215,Sample_condensed.pdf,,Dataset 7 row 24,,,,,High,"Valid High High-density, fully closed true mangrove forest canopy layer; Historical condition requires manual verification.",Mar 2025,,,High,,,
AOI-031,Kochi,T-25,25,TP-2: Mangrove (Sparse canopy) Fixed: Puthuvype Mangrove Patch,Candidate landmark / temporal-pair sample,9.9945,76.2215,Sample_condensed.pdf,,Dataset 7 row 25,,,,,High,Valid High Identical location; Historical condition requires manual verification for visible canopy disturbance or thin cover. Location = candidate landmark (source: “Cannot be uniquely determined”). The source’s “Google Maps Search Term” column is empty. Rows 22–25 = temporal-pair (TP) samples at a shared fixed location (blue rows). Condensed from Sample.pdf Page 8 of 12,Nov 2020,,,High,,,
AOI-032,Sundarbans,T-01,25,Mangrove canopy Sunderban National Park Core,Candidate landmark / temporal-pair sample,21.9215,88.9242,Sample_condensed.pdf,,Dataset 8 row 1,,,,,High,"Valid High Uninterrupted, dense woody canopy texture with characteristic low-albedo signature of closed forest blocks.",Dec,,,High,,,
AOI-032,Sundarbans,T-02,25,Tidal creek Sudhanyakhali Creek Branch,Candidate landmark / temporal-pair sample,22.1054,88.8532,Sample_condensed.pdf,,Dataset 8 row 2,,,,,High,Valid High High-contrast linear water channel trace directly bisecting undisturbed interior mangrove forest matrices.,Jan,,,High,,,
AOI-032,Sundarbans,T-03,25,Mudflat/bare bank Dobanki Island South Mudbank,Candidate landmark / temporal-pair sample,21.9845,88.7615,Sample_condensed.pdf,,Dataset 8 row 3,,,,,High,Valid High Exposed planar intertidal mud-sediment fringe transitioning cleanly between open estuarine water and forest walls.,Feb,,,High,,,
AOI-032,Sundarbans,T-04,25,Embanked village fringe Gosaba Outer Embankment,Candidate landmark / temporal-pair sample,22.1642,88.8085,Sample_condensed.pdf,,Dataset 8 row 4,,,,,High,Valid High Sharp artificial infrastructure boundary mapping linear earthen dikes against rural houses and agricultural plots.,Mar,,,High,,,
AOI-032,Sundarbans,T-05,25,Mangrove–creek boundary Pirkhali Block Edge,Candidate landmark / temporal-pair sample,22.0624,88.8845,Sample_condensed.pdf,,Dataset 8 row 5,,,,,High,Valid High Immediate spatial interface pixel array separating high-chlorophyll forest canopy from a tidal channel bank.,Apr,,,High,,,
AOI-032,Sundarbans,T-06,25,Managed aquaculture pattern Basanti Aquaculture Blocks,Candidate landmark / temporal-pair sample,22.1812,88.7124,Sample_condensed.pdf,,Dataset 8 row 6,,,,,High,"Valid High Unambiguous rectangular geometric arrays of clustered man-made embankments, bunds, and managed water parcels.",May,,,High,,,
AOI-032,Sundarbans,T-07,25,Water–sediment composition Matla River Estuary,Candidate landmark / temporal-pair sample,21.8452,88.6694,Sample_condensed.pdf,,Dataset 8 row 7,,,,,High,Valid High Captures macro-scale estuarine mixing zone where highly turbid silt plumes contrast visually against dark open water.,Dec,,,High,,,
AOI-032,Sundarbans,T-08,25,Interior channel/mudbank Panchamukhani Water Junction,Candidate landmark / temporal-pair sample,22.0234,88.7915,Sample_condensed.pdf,,Dataset 8 row 8,,,,,High,Valid High Confluence point of protected inner estuarine streams flanked by regular exposed sediment banks.,Jan,,,High,,,
AOI-032,Sundarbans,T-09,25,Forest–water mosaic Netidhopani Island Matrix,Candidate landmark / temporal-pair sample,21.8892,88.8912,Sample_condensed.pdf,,Dataset 8 row 9,,,,,High,Valid High Highly complex spatial interlacing of narrow branching deltaic channels and small fragmented mangrove clusters.,Feb,,,High,,,
AOI-032,Sundarbans,T-10,25,Settlement–mangrove interface Pakhiralaya Waterfront Front,Candidate landmark / temporal-pair sample,22.1325,88.8242,Sample_condensed.pdf,,Dataset 8 row 10,,,,,High,Valid High Direct landscape perimeter where human agricultural clearing zones and village structures match a massive forest block.,Mar,,,High,,,
AOI-032,Sundarbans,T-11,25,Mangrove canopy texture Sajnekhali Wildlife Range,Candidate landmark / temporal-pair sample,22.1245,88.8312,Sample_condensed.pdf,,Dataset 8 row 11,,,,,High,Valid High Secondary distinct block showing fine-grain spatial canopy variation over continuous pristine forest wetland.,Apr,,,High,,,
AOI-032,Sundarbans,T-12,25,Tidal creek network Jharkhali Branching Creeks,Candidate landmark / temporal-pair sample,22.0212,88.6984,Sample_condensed.pdf,,Dataset 8 row 12,,,,,High,Valid High Classic dendritic drainage network displaying clear geometric splitting of active tidal water courses.,May,,,High,,,
AOI-032,Sundarbans,T-13,25,Mudflat bank Chhota Harikhali Silt Spit,Candidate landmark / temporal-pair sample,21.8645,88.9715,Sample_condensed.pdf,,Dataset 8 row 13,,,,,High,Valid High Exposed coastal mud/sand bank signature positioned prominently on the outer structural margin of a tidal creek.,Oct,,,High,,,
AOI-032,Sundarbans,T-14,25,Embanked village Gadkhali Settlement Center,Candidate landmark / temporal-pair sample,22.1795,88.7984,Sample_condensed.pdf,,Dataset 8 row 14,,,,,High,Valid High Clustered domestic rooftops intermixed with family ponds behind a continuous protective earthen perimeter dike.,Nov,,,High,,,
AOI-032,Sundarbans,T-15,25,Aquaculture pattern Minakhan Southern Ponds,Candidate landmark / temporal-pair sample,22.4215,88.7045,Sample_condensed.pdf,,Dataset 8 row 15,,,,,High,Valid High Extensive multi-pond structural cluster displaying hard geometric earthen grids built for systemic fisheries.,Dec,,,High,,,
AOI-032,Sundarbans,T-16,25,Water–sediment composition Raimangal River Boundary,Candidate landmark / temporal-pair sample,21.8112,89.1082,Sample_condensed.pdf,,Dataset 8 row 16,,,,,High,Valid High Broad maritime estuary signature displaying stark visual boundaries between shifting silt banks and dynamic currents.,Jan,,,High,,,
AOI-032,Sundarbans,T-17,25,Interior mudbank Gomor River Channel Slip,Candidate landmark / temporal-pair sample,22.1484,88.7734,Sample_condensed.pdf,,Dataset 8 row 17,,,,,High,Valid High Narrow internal river coordinate targeting clear low-vegetation shoreline mud directly abutting local currents.,Feb,,,High,,,
AOI-032,Sundarbans,T-18,25,Island-edge geometry Ghoramara Island West Coast,Candidate landmark / temporal-pair sample,21.9165,88.1345,Sample_condensed.pdf,,Dataset 8 row 18,,,,,High,"Valid High Distinctly ragged, sharp visual island-edge shoreline structure; Multi-date historical review required to establish erosion.",Mar,,,High,,,
AOI-032,Sundarbans,T-19,25,Monsoon cloud-window Canning Regional Hub,Candidate landmark / temporal-pair sample,22.3124,88.6612,Sample_condensed.pdf,,Dataset 8 row 19,,,,,Low,Not valid — manual verification required Low Active Southwest Monsoon tail; extreme persistent cloud layers mask accurate structural ground feature extraction.,Sept,,,QC invalid,,,
AOI-032,Sundarbans,T-20,25,Creek-bank succession Katuskhali Gradient Bank,Candidate landmark / temporal-pair sample,21.9462,88.9485,Sample_condensed.pdf,,Dataset 8 row 20,,,,,High,Valid High Displays an explicit spatial gradient tracking from open creek channel into bare mudbank up to a high forest canopy wall.,Oct,,,High,,,
AOI-032,Sundarbans,T-21,25,Forest–water mosaic Herobhanga Forest Block,Candidate landmark / temporal-pair sample,22.0915,88.6124,Sample_condensed.pdf,,Dataset 8 row 21,,,,,High,Valid High Secondary complex wetland matrix interweaving extensive dense deltaic timber blocks and open water links.,Nov,,,High,,,
AOI-032,Sundarbans,T-22,25,TP-1: Creek/mudbank (Post-mon) Fixed: Bidya River North Channel Spit,Candidate landmark / temporal-pair sample,22.0432,88.8684,Sample_condensed.pdf,,Dataset 8 row 22,,,,,High,Valid High Post-monsoon high-water/cleared baseline configuration; Historical condition requires manual verification.,Dec 2023,,,High,,,
AOI-032,Sundarbans,T-23,25,TP-1: Creek/mudbank (Contrast) Fixed: Bidya River North Channel Spit,Candidate landmark / temporal-pair sample,22.0432,88.8684,Sample_condensed.pdf,,Dataset 8 row 23,,,,,High,Valid High Identical location; Historical condition requires manual verification to map visual spatial water-sediment contrast.,Apr 2024,,,High,,,
AOI-032,Sundarbans,T-24,25,TP-2: Aqua edge (Filled state) Fixed: Sandeshkhali Managed Impoundment,Candidate landmark / temporal-pair sample,22.3615,88.8785,Sample_condensed.pdf,,Dataset 8 row 24,,,,,High,Valid High Geometric pond coordinate showing complete water sheet presence; Historical condition requires manual verification.,Mar 2025,,,High,,,
AOI-032,Sundarbans,T-25,25,TP-2: Aqua edge (Drained state) Fixed: Sandeshkhali Managed Impoundment,Candidate landmark / temporal-pair sample,22.3615,88.8785,Sample_condensed.pdf,,Dataset 8 row 25,,,,,High,Valid High Identical location; Historical condition requires manual verification for exposed bare mud floor/drained state. Location = candidate landmark (source: “Cannot be uniquely determined”). The source’s “Google Maps Search Term” column is empty. Rows 22–25 = temporal-pair (TP) samples at a shared fixed location (blue rows). Condensed from Sample.pdf Page 9 of 12,Jan 2020,,,High,,,
AOI-033,Bhubaneswar,T-01,25,Compact urban fabric Old Town Grid,Candidate landmark / temporal-pair sample,20.2442,85.8325,Sample_condensed.pdf,,Dataset 9 row 1,,,,,High,"Valid High Hyper-dense, interlocking residential masonry layouts with continuous structural block geometries.",Nov,,,High,,,
AOI-033,Bhubaneswar,T-02,25,Tank / waterbody Bindusagar Tank Center,Candidate landmark / temporal-pair sample,20.2425,85.8341,Sample_condensed.pdf,,Dataset 9 row 2,,,,,High,"Valid High Clean, open structural water surface geometry contained within ancient masonry perimeter embankments.",Dec,,,High,,,
AOI-033,Bhubaneswar,T-03,25,Paddy / peri-urban mosaic Balianta Fringe,Candidate landmark / temporal-pair sample,20.2615,85.8924,Sample_condensed.pdf,,Dataset 9 row 3,,,,,High,Valid High Small agricultural field parcels heavily interwoven with rural homestead vegetation and local roads.,Jan,,,High,,,
AOI-033,Bhubaneswar,T-04,25,Low hill / Eastern-Ghats Udayagiri Upper Slopes,Candidate landmark / temporal-pair sample,20.2634,85.7852,Sample_condensed.pdf,,Dataset 9 row 4,,,,,High,"Valid High Highly distinct, elevated uplands displaying exposed sandstones, rocky terrain, and natural scrub cover.",Feb,,,High,,,
AOI-033,Bhubaneswar,T-05,25,Drainage–pond / built Gangua Nala Reach,Candidate landmark / temporal-pair sample,20.2312,85.8545,Sample_condensed.pdf,,Dataset 9 row 5,,,,,High,Valid High Severe structural interface where a large primary urban drainage corridor directly touches urban margins.,March,,,High,,,
AOI-033,Bhubaneswar,T-06,25,Road-led expansion Tamando Highway Front,Candidate landmark / temporal-pair sample,20.2562,85.7314,Sample_condensed.pdf,,Dataset 9 row 6,,,,,High,Valid High Active developmental axis where massive rectangular commercial slabs are built outward into fields.,April,,,High,,,
AOI-033,Bhubaneswar,T-07,25,Dry field / open land Jatni Agricultural Fringe,Candidate landmark / temporal-pair sample,20.1684,85.7142,Sample_condensed.pdf,,Dataset 9 row 7,,,,,High,"Valid High Highly reflective, high-albedo post-harvest bare soil grids showing completely exposed sun-baked topsoil.",May,,,High,,,
AOI-033,Bhubaneswar,T-08,25,Green post-monsoon fringe Naharkanta Lowlands,Candidate landmark / temporal-pair sample,20.3195,85.8954,Sample_condensed.pdf,,Dataset 9 row 8,,,,,High,Valid High High near-infrared reflection signature from highly vigorous post-monsoon crops and wet pasture land.,Nov,,,High,,,
AOI-033,Bhubaneswar,T-09,25,Built–water relation Jharpada Pond Margin,Candidate landmark / temporal-pair sample,20.2785,85.8612,Sample_condensed.pdf,,Dataset 9 row 9,,,,,High,Valid High Precise boundary line tracking where suburban residential masonry envelopes a natural water retaining basin.,Dec,,,High,,,
AOI-033,Bhubaneswar,T-10,25,Agricultural–settlement Patia North Matrix,Candidate landmark / temporal-pair sample,20.3642,85.8152,Sample_condensed.pdf,,Dataset 9 row 10,,,,,High,Valid High Fragmented mosaic pattern mapping small vegetable farming patches packed between developing village blocks.,Jan,,,High,,,
AOI-033,Bhubaneswar,T-11,25,Hill–urban edge Dhauli Foot-slopes,Candidate landmark / temporal-pair sample,20.1945,85.8394,Sample_condensed.pdf,,Dataset 9 row 11,,,,,High,Valid High Hard transitional slope zone where formal masonry structures and tourism roads meet upland terrain.,Feb,,,High,,,
AOI-033,Bhubaneswar,T-12,25,Field-state contrast Pipili Northern Border,Candidate landmark / temporal-pair sample,20.1315,85.8425,Sample_condensed.pdf,,Dataset 9 row 12,,,,,High,Valid High Contrasting agricultural micro-plots showing varying irrigation signatures against surrounding dry vegetation.,March,,,High,,,
AOI-033,Bhubaneswar,T-13,25,Compact urban fabric Bhauma Nagar Block,Candidate landmark / temporal-pair sample,20.2762,85.8384,Sample_condensed.pdf,,Dataset 9 row 13,,,,,High,Valid High Linear institutional and commercial street grids dominated by continuous roofing and paved walkways.,April,,,High,,,
AOI-033,Bhubaneswar,T-14,25,Tank / waterbody Shikharchandi Pond,Candidate landmark / temporal-pair sample,20.3551,85.8234,Sample_condensed.pdf,,Dataset 9 row 14,,,,,High,"Valid High Stable, naturally enclosed upland waterbody distinct from transient monsoonal roadside pools.",Oct,,,High,,,
AOI-033,Bhubaneswar,T-15,25,Paddy–peri-urban Hanspal Outer Fields,Candidate landmark / temporal-pair sample,20.3124,85.8812,Sample_condensed.pdf,,Dataset 9 row 15,,,,,High,Valid High High-density seasonal paddy matrix transitioning directly into new highway logistics warehouse yards.,Nov,,,High,,,
AOI-033,Bhubaneswar,T-16,25,Eastern-Ghats low-hill Chandaka Range Edge,Candidate landmark / temporal-pair sample,20.3445,85.7124,Sample_condensed.pdf,,Dataset 9 row 16,,,,,High,Valid High Natural protected upland landscape showing structural semi-evergreen forest canopy and rock beds.,Dec,,,High,,,
AOI-033,Bhubaneswar,T-17,25,Drainage–pond interface Rasulgarh Channel Loop,Candidate landmark / temporal-pair sample,20.2984,85.8695,Sample_condensed.pdf,,Dataset 9 row 17,,,,,High,Valid High Urban industrial drainage outfall point heavily hemmed by storage parks and manufacturing facilities.,Jan,,,High,,,
AOI-033,Bhubaneswar,T-18,25,Expansion into fields Raghunathpur Axis,Candidate landmark / temporal-pair sample,20.3612,85.7984,Sample_condensed.pdf,,Dataset 9 row 18,,,,,High,Valid High Linear structural corridor marking active grading and conversion of alluvial fields to new tech towers.,Feb,,,High,,,
AOI-033,Bhubaneswar,T-19,25,Dry open field Uttara Junction Fringe,Candidate landmark / temporal-pair sample,20.1984,85.8562,Sample_condensed.pdf,,Dataset 9 row 19,,,,,High,Valid High Fallow agricultural block containing highly desiccated organic matter residue and high surface albedo.,March,,,High,,,
AOI-033,Bhubaneswar,T-20,25,Post-monsoon green Mancheswar Lowlands,Candidate landmark / temporal-pair sample,20.3245,85.8512,Sample_condensed.pdf,,Dataset 9 row 20,,,,,High,"Valid High Saturated, high-chlorophyll vegetative cover immediately trailing the formal retreat of monsoon downpours.",Oct,,,High,,,
AOI-033,Bhubaneswar,T-21,25,Monsoon green Kuakhai Floodplain Margin,Candidate landmark / temporal-pair sample,20.2812,85.8984,Sample_condensed.pdf,,Dataset 9 row 21,,,,,Low,Not valid — manual verification required Low Extreme seasonal cloud cover; severe atmospheric moisture masks absolute ground calibration.,Sept,,,QC invalid,,,
AOI-033,Bhubaneswar,T-22,25,Fixed tank edge Fixed: Kausalya Ganga Main Fish Tank,Candidate landmark / temporal-pair sample,20.1782,85.8454,Sample_condensed.pdf,,Dataset 9 row 22,,,,,High,Hist. condition not verified — manual verification required High Large perennial baseline layout matching clear full bank-to-bank structural water cover.,Dec 2023,,,High,,,
AOI-033,Bhubaneswar,T-23,25,Fixed tank edge Fixed: Kausalya Ganga Main Fish Tank,Candidate landmark / temporal-pair sample,20.1782,85.8454,Sample_condensed.pdf,,Dataset 9 row 23,,,,,High,Hist. condition not verified — manual verification required High Identical location; target requires multi-date comparison to extract visual exposed mud margins.,Mar 2024,,,High,,,
AOI-033,Bhubaneswar,T-24,25,Fixed paddy mosaic Fixed: Siriapur Paddy Tract,Candidate landmark / temporal-pair sample,20.2215,85.8842,Sample_condensed.pdf,,Dataset 9 row 24,,,,,High,Hist. condition not verified — manual verification required High Fixed alluvial field coordinate optimized for tracking signature transplanted vegetative sheet states.,Jan 2025,,,High,,,
AOI-033,Bhubaneswar,T-25,25,Fixed paddy mosaic Fixed: Siriapur Paddy Tract,Candidate landmark / temporal-pair sample,20.2215,85.8842,Sample_condensed.pdf,,Dataset 9 row 25,,,,,High,Hist. condition not verified — manual verification required High Identical location; target requires comparison to extract dry bare stubble/harvest imagery parameters. Location = candidate landmark (source: “Cannot be uniquely determined”). The source’s “Google Maps Search Description” column is empty. Rows 22–25 = temporal-pair (TP) samples at a shared fixed location (blue rows); their verification tables are on the last page. Condensed from Sample.pdf Page 10 of 12,Apr 2020,,,High,,,
AOI-034,Visakhapatnam,T-01,25,Port / industrial waterfront Vizag Port Berth 4,Candidate landmark / temporal-pair sample,17.6892,83.2924,Sample_condensed.pdf,,Dataset 10 row 1,,,,,High,"Valid High Heavy industrial wharf infrastructure, gantry footprints, shipping lanes, and coal storage yards.",Jan,,,High,,,
AOI-034,Visakhapatnam,T-02,25,City / transport fabric Gajuwaka Junction Grid,Candidate landmark / temporal-pair sample,17.6815,83.2124,Sample_condensed.pdf,,Dataset 10 row 2,,,,,High,"Valid High Dense commercial street layouts, packed low-to-mid rise concrete structures, and heavy logistics traffic.",Feb,,,High,,,
AOI-034,Visakhapatnam,T-03,25,Beach / coastal strip Ramakrishna Beach Center,Candidate landmark / temporal-pair sample,17.7124,83.3215,Sample_condensed.pdf,,Dataset 10 row 3,,,,,High,"Valid High Open sandy marine strandline directly tracking the wave breaking zone, clear of inland structural vegetation.",March,,,High,,,
AOI-034,Visakhapatnam,T-04,25,Eastern-Ghats hill / slope Kambalakonda Ridge,Candidate landmark / temporal-pair sample,17.7734,83.3425,Sample_condensed.pdf,,Dataset 10 row 4,,,,,High,Valid High High-relief sloping upland terrain dominated by dry deciduous forest canopy cover and exposed quartz rocks.,April,,,High,,,
AOI-034,Visakhapatnam,T-05,25,Hill–city interface Kailasagiri South Foot,Candidate landmark / temporal-pair sample,17.7425,83.3412,Sample_condensed.pdf,,Dataset 10 row 5,,,,,High,Valid High Precise boundary zone where structural residential masonry meets the steep lower cliffs of the hill block.,May,,,High,,,
AOI-034,Visakhapatnam,T-06,25,Valley / cropland mosaic Anandapuram Lowlands,Candidate landmark / temporal-pair sample,17.8642,83.3984,Sample_condensed.pdf,,Dataset 10 row 6,,,,,Low,Not valid — manual verification required Low Extreme dry cloud-fringe or pre-monsoon fallow state prevents clean crop layout extraction in early June.,June,,,QC invalid,,,
AOI-034,Visakhapatnam,T-07,25,Coast / rocky headland Dolphin's Nose Nose Tip,Candidate landmark / temporal-pair sample,17.6745,83.2982,Sample_condensed.pdf,,Dataset 10 row 7,,,,,High,"Valid High Prominent massive rock cliff projecting into marine waters, with adjacent high-density port naval housing.",Jan,,,High,,,
AOI-034,Visakhapatnam,T-08,25,Harbour / estuary relation Inner Harbour Mudflat Span,Candidate landmark / temporal-pair sample,17.6984,83.2795,Sample_condensed.pdf,,Dataset 10 row 8,,,,,High,Valid High Industrial channel pocket showing distinct mixing lines between dynamic port dredged flows and inland drainage.,Feb,,,High,,,
AOI-034,Visakhapatnam,T-09,25,Scrub-slope / settlement Simhachalam East Base,Candidate landmark / temporal-pair sample,17.7695,83.2612,Sample_condensed.pdf,,Dataset 10 row 9,,,,,High,Valid High Transitional landscape seam where packed residential quarters terminate against natural scrub slopes.,March,,,High,,,
AOI-034,Visakhapatnam,T-10,25,Port–coast contrast Ore Handling Complex,Candidate landmark / temporal-pair sample,17.6912,83.3054,Sample_condensed.pdf,,Dataset 10 row 10,,,,,High,Valid High Abrupt spatial contrast displaying artificial deep-water concrete breakwaters backing natural sand deposition spits.,April,,,High,,,
AOI-034,Visakhapatnam,T-11,25,Field / hill transition Pendurthi Upland Fields,Candidate landmark / temporal-pair sample,17.7954,83.1942,Sample_condensed.pdf,,Dataset 10 row 11,,,,,High,Valid High Flat agricultural plot matrices terminating explicitly at the rising base of the local granitic knolls.,May,,,High,,,
AOI-034,Visakhapatnam,T-12,25,City–hill–sea relation Lawson's Bay Crest,Candidate landmark / temporal-pair sample,17.7342,83.3395,Sample_condensed.pdf,,Dataset 10 row 12,,,,,n/a*,"Valid n/a* High-relief coordinate visually linking compact housing, flanking hill walls, and open marine bays simultaneously.",June,,,n/a*,,,
AOI-034,Visakhapatnam,T-13,25,Port / industrial waterfront Hindustan Shipyard Slipway,Candidate landmark / temporal-pair sample,17.6824,83.2762,Sample_condensed.pdf,,Dataset 10 row 13,,,,,High,"Valid High Specialized structural dock footprint featuring heavy repair drydocks, industrial sheds, and marine cranes.",October,,,High,,,
AOI-034,Visakhapatnam,T-14,25,City fabric Dwaraka Nagar Grid,Candidate landmark / temporal-pair sample,17.7215,83.3045,Sample_condensed.pdf,,Dataset 10 row 14,,,,,High,"Valid High Grid-iron street blocks displaying commercial multi-story building fabrics, asphalt lines, and minimal vegetation.",November,,,High,,,
AOI-034,Visakhapatnam,T-15,25,Beach strip Rushikonda Beach Strand,Candidate landmark / temporal-pair sample,17.7812,83.3854,Sample_condensed.pdf,,Dataset 10 row 15,,,,,High,Valid High Dynamic quartz sand strip directly matching highly localized tourism infrastructure boundaries.,December,,,High,,,
AOI-034,Visakhapatnam,T-16,25,Eastern-Ghats slope Yarada Hill Crest,Candidate landmark / temporal-pair sample,17.6612,83.2694,Sample_condensed.pdf,,Dataset 10 row 16,,,,,High,"Valid High Rugged, wild coastal hill topography displaying continuous semi-natural canopy blocks and steep ravines.",January,,,High,,,
AOI-034,Visakhapatnam,T-17,25,Hill–city interface Madhavadhara Slope Edge,Candidate landmark / temporal-pair sample,17.7385,83.2682,Sample_condensed.pdf,,Dataset 10 row 17,,,,,High,Valid High High-density hillside encroachment mapping individual residential concrete units rising along rocky channels.,February,,,High,,,
AOI-034,Visakhapatnam,T-18,25,Valley cropland Sabbavaram Valley Tract,Candidate landmark / temporal-pair sample,17.7984,83.1315,Sample_condensed.pdf,,Dataset 10 row 18,,,,,High,Valid High Alluvial agricultural depression bounded systematically on both flanks by elevated barren rock ridges.,March,,,High,,,
AOI-034,Visakhapatnam,T-19,25,Rocky headland Tenneti Park Cliffs,Candidate landmark / temporal-pair sample,17.7495,83.3484,Sample_condensed.pdf,,Dataset 10 row 19,,,,,High,Valid High Massive exposed marine rock shelf system breaking coastal waves directly below scenic urban park edges.,April,,,High,,,
AOI-034,Visakhapatnam,T-20,25,Harbour / estuary relation Fishing Harbour Basin,Candidate landmark / temporal-pair sample,17.6994,83.3012,Sample_condensed.pdf,,Dataset 10 row 20,,,,,High,Valid High High-density maritime layout displaying specialized trawler pontoon berths and fish packing terminals.,May,,,High,,,
AOI-034,Visakhapatnam,T-21,25,Post-monsoon green slope Ross Hill North Wall,Candidate landmark / temporal-pair sample,17.6872,83.2985,Sample_condensed.pdf,,Dataset 10 row 21,,,,,High,"Valid High Dense, highly continuous flush of green seasonal vegetation covering an industrial harbour sentinel hill.",October,,,High,,,
AOI-034,Visakhapatnam,T-22,25,Fixed headland / beach Fixed: Yarada Beach Core,Candidate landmark / temporal-pair sample,17.6542,83.2725,Sample_condensed.pdf,,Dataset 10 row 22,,,,,High,Hist. condition not verified — manual verification required High Fixed sandy pocket beach flanked by steep rock slopes; historical data required for wet footprint trace.,Mar 2023,,,High,,,
AOI-034,Visakhapatnam,T-23,25,Fixed headland / beach Fixed: Yarada Beach Core,Candidate landmark / temporal-pair sample,17.6542,83.2725,Sample_condensed.pdf,,Dataset 10 row 23,,,,,High,Hist. condition not verified — manual verification required High Identical location; target requires multi-date extraction to verify visual seasonal dry sand width changes.,Nov 2024,,,High,,,
AOI-034,Visakhapatnam,T-24,25,Fixed hill–city edge Fixed: Hanumanthawaka Slope Interface,Candidate landmark / temporal-pair sample,17.7562,83.3184,Sample_condensed.pdf,,Dataset 10 row 24,,,,,High,Hist. condition not verified — manual verification required High Fixed coordinate mapping urban masonry margins directly against the rising slope vegetation boundary.,May 2025,,,High,,,
AOI-034,Visakhapatnam,T-25,25,Fixed hill–city edge Fixed: Hanumanthawaka Slope Interface,Candidate landmark / temporal-pair sample,17.7562,83.3184,Sample_condensed.pdf,,Dataset 10 row 25,,,,,High,"Hist. condition not verified — manual verification required High Identical location; target requires historical verification to contrast dry seasonal canopy browning traces. Location = candidate landmark (source: “Cannot be uniquely determined”). The source’s “Google Maps Search Description” column is empty. *#12: the source’s Confidence cell reads “Valid” (no High/Medium/Low given). Rows 22–25 = temporal-pair (TP) samples at a shared fixed location (blue rows). Condensed from Sample.pdf Page 11 of 12 Appendix — Temporal-pair verification tables These two tables appeared separately in the source (Mumbai and Bhubaneswar). Same samples 22–25 as in the dataset tables, with the extra verification columns. Mumbai — Temporal-pair verification Pair Sample Date Location Latitude Longitude Same fixed location? Evidence TP-1 22 Nov 2023 Bhandup Creek Mudflats 19.1355 72.9912 Yes Post-monsoon runoff decreases salinity; canopy shows high near-infrared reflectance. TP-1 23 Mar 2024 Bhandup Creek Mudflats 19.1355 72.9912 Yes Dry season increases evaporation, leaving highly visible salt encrustations along unchanged creek lines. TP-2 24 Feb 2025 Nhava Sheva Terminal Edge 18.9488 72.9433 Yes Exposed bare earth texture indicates active ground leveling and port yard expansion. TP-2 25 Dec 2020 Nhava Sheva Terminal Edge 18.9488 72.9433 Yes Pre-clearing baseline imagery captures natural low-lying scrub and salt-marsh vegetation on the same plot. Bhubaneswar — Temporal-pair verification Pair (feature) Sample Date Latitude Longitude Condition Historical verification Pair 1 (fixed tank edge) 22 Dec 2023 20.178200 85.845400 Full HISTORICAL CONDITION NOT VERIFIED — MANUAL VERIFICATION REQUIRED. Pair 1 (fixed tank edge) 23 Mar 2024 20.178200 85.845400 Drawn-down HISTORICAL CONDITION NOT VERIFIED — MANUAL VERIFICATION REQUIRED. Pair 2 (fixed paddy mosaic) 24 Jan 2025 20.221500 85.884200 Transplanted / Active HISTORICAL CONDITION NOT VERIFIED — MANUAL VERIFICATION REQUIRED. Pair 2 (fixed paddy mosaic) 25 Apr 2020 20.221500 85.884200 Stubble / Post-harvest HISTORICAL CONDITION NOT VERIFIED — MANUAL VERIFICATION REQUIRED. Condensed from Sample.pdf Page 12 of 12",Jan 2020,,,High,,,
